Activity Type,Date,Favorite,Title,Distance,Calories,Time,Avg HR,Max HR,Aerobic TE,Avg Run Cadence,Max Run Cadence,Avg Pace,Best Pace,Elev Gain,Elev Loss,Avg Stride Length,Avg Vertical Ratio,Avg Vertical Oscillation,Training Stress Score®,Grit,Flow,Climb Time,Bottom Time,Min Temp,Surface Interval,Decompression,Best Lap Time,Number of Runs,Max Temp
Running,2020-03-27 15:59:00,FALSE,Vadhana Running,3.75,312,0:32:20,152,167,3.2,167,185,8:37,10:34,39,36,0.75,0,0,0,0,0,0:00,0:00,91.4,0:00,No,00:36.76,50,0
Running,2020-03-25 15:56:00,FALSE,Vadhana Running,4.8,441,0:42:00,153,180,3.8,163,176,8:45,8:47,151,161,0.89,0,0,0,0,0,0:00,0:00,89.6,0:00,No,00:36.69,63,0
Running,2020-03-24 13:40:00,FALSE,Vadhana Running,3.75,339,0:31:38,157,173,3.6,162,170,8:26,8:27,102,82,0.9,0,0,0,0,0,0:00,0:00,91.4,0:00,No,00:33.28,49,0
Running,2020-01-13 7:28:06,FALSE,Lalitpur Running,3.02,100,0:16:29,104,145,0.9,4,180,5:28,3:18,75,138,26.34,0,0,0,0,0,0:00,0:00,48.2,0:00,No,00:07.47,4,0
Running,2020-01-01 14:50:36,FALSE,Salzburg Running,5.62,669,0:55:44,151,175,4.4,149,169,9:55,7:33,194,154,1.09,0,0,0,0,0,0:00,0:00,44.6,0:00,No,05:31.60,6,0
Running,2019-12-28 9:09:13,FALSE,Munich Running,4.51,528,0:44:48,150,170,4.2,148,201,9:55,6:59,118,125,1.1,0,0,0,0,0,0:00,0:00,41,0:00,No,07:36.21,5,0
Treadmill Running,2019-11-11 12:07:44,FALSE,Treadmill Running,3.01,380,0:29:29,154,173,3.9,176,189,9:48,9:13,NA,NA,0.94,0,0,0,0,0,0:00,0:00,71.6,0:00,No,00:04.92,4,0
Running,2019-10-28 6:10:49,FALSE,Naldung Baluwapati Running,4.37,555,0:54:20,140,163,3.2,138,210,12:25,7:04,820,869,0.94,0,0,0,0,0,0:00,0:00,55.4,0:00,No,03:41.69,5,0
Treadmill Running,2019-09-30 8:42:07,FALSE,Treadmill Running,4.97,681,0:52:43,153,176,4.2,173,191,10:36,9:16,NA,NA,0.92,0,0,0,0,0,0:00,0:00,71.6,0:00,No,01:57.13,6,0
Running,2019-09-09 8:27:59,FALSE,Sainbu Bhainsepati Running,6,"1,063",1:28:51,155,187,4.9,122,218,14:48,8:39,889,830,0.89,0,0,0,0,0,0:00,0:00,78.8,0:00,No,13:29.55,6,0
Treadmill Running,2019-08-19 7:50:27,FALSE,Treadmill Running,3.1,544,0:37:29,164,185,4.8,170,189,12:06,7:46,NA,NA,0.93,0,0,0,0,0,0:00,0:00,78.8,0:00,No,07:14.52,4,0
Running,2019-07-10 10:17:52,FALSE,Florida Running,3,398,0:30:24,152,172,3.4,168,179,10:07,8:26,33,49,0.95,0,0,0,0,0,0:00,0:00,84.2,0:00,No,00:02.18,4,0
Running,2019-07-07 9:26:57,FALSE,Florida Running,3.3,416,0:29:56,152,174,3.7,172,187,9:04,8:33,16,16,1.03,0,0,0,0,0,0:00,0:00,84.2,0:00,No,02:42.59,4,0
Running,2019-06-18 11:33:16,FALSE,Montgomery County Running,4.28,542,0:39:48,152,180,3.7,160,208,9:18,7:53,285,243,1.08,0,0,0,0,0,0:00,0:00,80.6,0:00,No,02:18.06,5,0
Running,2019-06-14 10:51:07,FALSE,Montgomery County Running,4.17,514,0:37:55,152,164,3.4,164,175,9:06,6:07,299,292,1.08,0,0,0,0,0,0:00,0:00,69.8,0:00,No,01:22.31,5,0
Running,2019-06-12 10:27:28,FALSE,Montgomery County Running,4.29,495,0:37:42,147,160,3.3,164,181,8:47,7:23,266,266,1.12,0,0,0,0,0,0:00,0:00,71.6,0:00,No,02:20.27,5,0
Running,2019-06-11 12:20:31,FALSE,Montgomery County Running,4.27,556,0:38:14,162,178,4,160,216,8:57,7:22,302,292,1.13,0,0,0,0,0,0:00,0:00,75.2,0:00,No,03:03.35,5,0
Running,2019-06-09 9:10:50,FALSE,Montgomery County Running,8.38,"1,041",1:17:31,152,181,4.5,163,185,9:15,7:21,417,472,1.07,0,0,0,0,0,0:00,0:00,73.4,0:00,No,03:11.63,9,0
Running,2019-06-03 10:50:20,FALSE,Montgomery County Running,4.24,479,0:37:04,145,160,3.1,165,179,8:45,7:30,322,249,1.12,0,0,0,0,0,0:00,0:00,73.4,0:00,No,02:09.83,5,0
Running,2019-05-31 12:10:12,FALSE,Montgomery County Running,4.29,539,0:38:08,156,175,3.7,162,243,8:54,4:00,266,249,1.12,0,0,0,0,0,0:00,0:00,78.8,0:00,No,02:27.76,5,0
Running,2019-05-29 11:26:14,FALSE,Montgomery County Running,3.89,475,0:34:39,152,180,3.6,160,238,8:55,7:25,240,269,1.12,0,0,0,0,0,0:00,0:00,80.6,0:00,No,08:00.85,4,0
Running,2019-05-28 12:46:12,FALSE,Montgomery County Running,4.27,523,0:39:06,150,181,3.5,160,177,9:09,7:36,266,282,1.1,0,0,0,0,0,0:00,0:00,80.6,0:00,No,02:34.57,5,0
Running,2019-05-24 10:14:24,FALSE,Montgomery County Running,4.01,477,0:36:40,147,174,3.2,161,177,9:09,7:09,279,285,1.09,0,0,0,0,0,0:00,0:00,75.2,0:00,No,00:05.27,5,0
Running,2019-05-23 11:41:06,FALSE,Montgomery County Running,4.28,551,0:36:45,163,195,4.5,165,183,8:36,7:07,279,262,1.13,0,0,0,0,0,0:00,0:00,77,0:00,No,02:22.15,5,0
Running,2019-05-21 11:36:28,FALSE,Montgomery County Running,3.05,324,0:22:16,160,180,3.4,171,187,7:18,6:25,190,194,1.29,0,0,0,0,0,0:00,0:00,68,0:00,No,00:22.58,4,0
Running,2019-05-20 11:19:49,FALSE,Montgomery County Running,4.22,533,0:37:42,157,180,3.9,163,175,8:56,6:24,272,253,1.1,0,0,0,0,0,0:00,0:00,80.6,0:00,No,02:09.21,5,0
Running,2019-05-16 10:49:44,FALSE,Montgomery County Running,4.27,461,0:38:52,142,161,2.9,157,216,9:06,7:19,299,259,1.12,0,0,0,0,0,0:00,0:00,71.6,0:00,No,02:20.65,5,0
Running,2019-05-15 11:24:02,FALSE,Montgomery County Running,4.8,518,0:40:35,146,161,3.2,166,227,8:28,7:25,315,272,1.14,0,0,0,0,0,0:00,0:00,68,0:00,No,06:40.41,5,0
Running,2019-05-10 11:35:51,FALSE,Montgomery County Running,4.23,498,0:36:23,153,172,3.8,167,179,8:36,6:24,256,276,1.12,0,0,0,0,0,0:00,0:00,78.8,0:00,No,01:51.79,5,0
Running,2019-05-08 12:20:53,FALSE,Montgomery County Running,4.25,520,0:37:59,154,180,3.8,164,185,8:56,7:47,289,259,1.1,0,0,0,0,0,0:00,0:00,69.8,0:00,No,02:14.06,5,0
Running,2019-05-07 11:44:01,FALSE,Montgomery County Running,4.21,501,0:36:20,154,182,3.9,167,227,8:38,7:21,276,259,1.12,0,0,0,0,0,0:00,0:00,80.6,0:00,No,01:48.93,5,0
Running,2019-05-06 11:36:45,FALSE,Montgomery County Running,4.23,505,0:36:17,155,190,4,166,183,8:35,7:33,276,256,1.13,0,0,0,0,0,0:00,0:00,75.2,0:00,No,01:49.65,5,0
Running,2019-05-03 10:44:22,FALSE,Montgomery County Running,4.27,473,0:36:35,147,161,3.4,166,187,8:34,7:17,256,266,1.13,0,0,0,0,0,0:00,0:00,71.6,0:00,No,02:14.98,5,0
Running,2019-04-30 11:33:03,FALSE,Montgomery County Running,4.2,513,0:39:21,151,179,3.7,154,189,9:22,7:29,417,259,1.12,0,0,0,0,0,0:00,0:00,77,0:00,No,01:48.88,5,0
Running,2019-04-29 11:32:42,FALSE,Montgomery County Running,4.13,501,0:36:33,155,184,4,163,179,8:51,7:23,341,279,1.12,0,0,0,0,0,0:00,0:00,62.6,0:00,No,01:09.41,5,0
Running,2019-04-24 10:37:45,FALSE,Montgomery County Running,4.28,476,0:40:41,144,163,3.4,156,238,9:30,7:06,305,305,1.08,0,0,0,0,0,0:00,0:00,69.8,0:00,No,02:21.31,5,0
Running,2019-04-17 8:41:36,FALSE,Tillamook County Running,3.33,420,0:31:19,152,162,3.5,160,232,9:25,8:21,56,105,1.07,0,0,0,0,0,0:00,0:00,55.4,0:00,No,02:58.19,4,0
Running,2019-04-12 12:07:58,FALSE,Montgomery County Running,4.35,494,0:36:45,151,179,3.9,164,179,8:27,7:35,276,262,1.16,0,0,0,0,0,0:00,0:00,69.8,0:00,No,02:50.05,5,0
Running,2019-04-10 11:03:53,FALSE,Montgomery County Running,4.19,489,0:36:03,155,176,3.8,165,191,8:36,7:10,302,289,1.13,0,0,0,0,0,0:00,0:00,68,0:00,No,01:32.58,5,0
Running,2019-04-09 11:51:12,FALSE,Montgomery County Running,4.2,518,0:35:30,161,187,4.6,161,181,8:27,7:08,276,272,1.18,0,0,0,0,0,0:00,0:00,78.8,0:00,No,02:03.97,5,0
Running,2019-04-06 8:37:21,FALSE,Mt Pleasant Running,6.28,907,1:04:40,162,187,5,163,182,10:18,7:46,220,266,0.96,0,0,0,0,0,0:00,0:00,64.4,0:00,No,02:40.12,7,0
Running,2019-03-20 12:07:01,FALSE,Montgomery County Running,4.1,499,0:37:54,152,181,3.6,159,180,9:14,7:17,381,318,1.1,0,0,0,0,0,0:00,0:00,55.4,0:00,No,00:51.16,5,0
Running,2019-03-18 12:15:58,FALSE,Montgomery County - Running,4.25,492,0:36:55,150,167,3.5,169,243,8:41,6:46,351,299,1.1,0,0,0,0,0,0:00,0:00,50,0:00,No,02:21.71,5,0
Running,2019-03-15 10:14:18,FALSE,Montgomery County - Running,3.18,352,0:25:43,153,171,3.5,168,187,8:05,6:53,187,197,1.18,0,0,0,0,0,0:00,0:00,71.6,0:00,No,01:17.58,4,0
Running,2019-03-14 12:22:15,FALSE,Montgomery County - Running,4.25,494,0:36:50,151,179,3.9,165,185,8:40,7:26,266,285,1.13,0,0,0,0,0,0:00,0:00,73.4,0:00,No,02:21.62,5,0
Running,2019-03-11 11:20:15,FALSE,Montgomery County - Running,4.22,483,0:35:28,153,168,3.8,168,184,8:24,6:52,335,308,1.14,0,0,0,0,0,0:00,0:00,59,0:00,No,01:54.16,5,0
Running,2019-03-04 12:53:11,FALSE,Montgomery County - Running,4.13,496,0:36:03,154,169,3.7,168,180,8:44,6:52,315,249,1.1,0,0,0,0,0,0:00,0:00,44.6,0:00,No,01:05.20,5,0
Running,2019-02-28 11:29:58,FALSE,Montgomery County - Running,4.18,462,0:34:53,148,162,3.5,166,186,8:21,7:11,390,328,1.16,0,0,0,0,0,0:00,0:00,51.8,0:00,No,01:18.27,5,0
Running,2019-02-19 12:15:49,FALSE,Montgomery County Running,4.22,494,0:35:53,153,162,3.7,161,180,8:30,7:03,440,879,1.18,0,0,0,0,0,0:00,0:00,44.6,0:00,No,07:57.49,5,0
Running,2019-02-07 11:18:39,FALSE,Montgomery County Running,3.95,469,0:34:23,151,166,3.6,169,188,8:43,4:30,276,289,1.09,0,0,0,0,0,0:00,0:00,62.6,0:00,No,08:31.40,4,0
Running,2019-02-06 12:39:11,FALSE,Montgomery County Running,3.96,481,0:33:54,155,180,3.9,168,186,8:34,7:33,276,213,1.12,0,0,0,0,0,0:00,0:00,59,0:00,No,08:11.72,4,0
Running,2019-02-05 11:57:36,FALSE,Montgomery County Running,3.93,486,0:36:29,152,176,3.5,156,213,9:17,7:07,289,282,1.12,0,0,0,0,0,0:00,0:00,69.8,0:00,No,08:16.26,4,0
Running,2019-02-04 12:52:49,FALSE,Montgomery County Running,4.27,558,0:44:42,149,172,3.7,137,179,10:28,7:25,351,348,1.13,0,0,0,0,0,0:00,0:00,62.6,0:00,No,08:05.14,5,0
Running,2019-01-25 12:21:26,FALSE,Montgomery County Running,4.26,504,0:36:33,152,164,3.6,166,226,8:35,7:27,410,325,1.13,0,0,0,0,0,0:00,0:00,44.6,0:00,No,08:07.56,5,0
Running,2019-01-23 11:18:29,FALSE,Montgomery County Running,4.11,486,0:35:59,150,173,3.5,168,178,8:45,7:32,308,315,1.09,0,0,0,0,0,0:00,0:00,51.8,0:00,No,00:00.00,5,0
Running,2019-01-15 11:17:39,FALSE,Montgomery County Running,4.06,502,0:37:43,149,170,3.4,158,201,9:18,7:23,423,358,1.09,0,0,0,0,0,0:00,0:00,48.2,0:00,No,00:00.00,5,0
Running,2019-01-10 10:43:37,FALSE,Montgomery County Running,4.25,531,0:37:53,156,168,3.7,168,249,8:55,7:39,486,387,1.08,0,0,0,0,0,0:00,0:00,41,0:00,No,00:00.00,5,0
Running,2019-01-09 11:09:32,FALSE,Montgomery County Running,4.26,509,0:37:58,149,162,3.5,165,248,8:54,7:08,433,344,1.1,0,0,0,0,0,0:00,0:00,51.8,0:00,No,00:00.00,5,0
Running,2019-01-08 10:33:18,FALSE,Montgomery County Running,4.25,511,0:36:25,154,169,3.8,170,243,8:34,7:14,374,371,1.1,0,0,0,0,0,0:00,0:00,53.6,0:00,No,00:00.00,5,0
Running,2019-01-06 12:16:39,FALSE,Montgomery County Running,3.69,633,0:59:08,136,158,2.7,106,223,16:01,7:54,436,499,0.95,0,0,0,0,0,0:00,0:00,64.4,0:00,No,00:00.00,4,0
Running,2019-01-03 11:14:52,FALSE,Montgomery County Running,4.23,510,0:37:55,150,174,3.6,160,184,8:58,2:02,377,354,1.12,0,0,0,0,0,0:00,0:00,57.2,0:00,No,00:00.00,5,0
Running,2019-01-02 12:12:54,FALSE,Montgomery County Running,4.28,492,0:36:26,150,168,3.6,168,182,8:31,6:58,302,325,1.11,0,0,0,0,0,0:00,0:00,60.8,0:00,No,00:00.00,5,0
Running,2018-12-31 11:27:15,FALSE,Montgomery County Running,4.43,540,0:39:50,155,177,4,157,229,8:59,7:20,338,404,1.15,0,0,0,0,0,0:00,0:00,50,0:00,No,00:00.00,5,0
Running,2018-12-26 13:26:05,FALSE,Montgomery County Running,4.27,499,0:37:22,148,167,3.6,165,180,8:45,7:26,328,354,1.11,0,0,0,0,0,0:00,0:00,55.4,0:00,No,00:00.00,5,0
Running,2018-12-18 11:57:06,FALSE,Montgomery County Running,4.25,445,0:35:38,141,162,3.3,166,184,8:23,7:08,413,377,1.15,0,0,0,0,0,0:00,0:00,53.6,0:00,No,00:00.00,5,0
Running,2018-12-14 12:13:11,FALSE,Montgomery County Running,4.26,512,0:37:49,151,175,3.5,167,180,8:52,7:21,315,322,1.09,0,0,0,0,0,0:00,0:00,53.6,0:00,No,00:00.00,5,0
Running,2018-12-12 10:34:19,FALSE,Montgomery County Running,4.15,479,0:34:33,153,173,3.7,166,184,8:19,6:26,361,338,1.16,0,0,0,0,0,0:00,0:00,50,0:00,No,00:00.00,5,0
Running,2018-12-11 12:17:53,FALSE,Montgomery County Running,4.16,493,0:37:19,148,167,3.4,160,176,8:58,7:01,433,381,1.13,0,0,0,0,0,0:00,0:00,51.8,0:00,No,00:00.00,5,0
Running,2018-12-10 12:21:49,FALSE,Montgomery County Running,4.18,499,0:36:08,154,168,3.7,166,178,8:39,7:04,381,318,1.12,0,0,0,0,0,0:00,0:00,44.6,0:00,No,00:00.00,5,0
Running,2018-12-03 11:14:12,FALSE,Montgomery County Running,4.37,540,0:37:33,158,171,4,168,237,8:36,7:32,328,299,1.11,0,0,0,0,0,0:00,0:00,60.8,0:00,No,00:00.00,5,0
Running,2018-11-29 10:48:17,FALSE,Anna Maria Running,4.77,560,0:40:21,151,172,3.9,169,180,8:28,7:35,141,151,1.13,0,0,0,0,0,0:00,0:00,59,0:00,No,00:00.00,5,0
Running,2018-11-27 11:33:11,FALSE,Anna Maria Running,4.01,478,0:36:21,147,171,3.5,164,230,9:04,7:47,190,197,1.08,0,0,0,0,0,0:00,0:00,64.4,0:00,No,00:00.00,5,0
Running,2018-11-20 11:41:55,FALSE,Montgomery County Running,4.19,525,0:39:36,151,167,3.5,152,184,9:27,6:49,394,358,1.12,0,0,0,0,0,0:00,0:00,53.6,0:00,No,00:00.00,5,0
Running,2018-11-19 12:57:40,FALSE,Montgomery County Running,4.26,498,0:37:02,149,162,3.5,168,184,8:42,7:27,315,305,1.1,0,0,0,0,0,0:00,0:00,62.6,0:00,No,00:00.00,5,0
Running,2018-11-07 12:10:59,FALSE,Montgomery County Running,4.26,488,0:37:04,146,164,3.3,170,180,8:42,6:46,328,289,1.09,0,0,0,0,0,0:00,0:00,62.6,0:00,No,00:00.00,5,0
Running,2018-11-05 11:34:50,FALSE,Montgomery County Running,4.23,531,0:36:58,156,180,3.8,171,184,8:44,7:19,302,308,1.08,0,0,0,0,0,0:00,0:00,55.4,0:00,No,00:00.00,5,0
Running,2018-10-28 7:58:23,FALSE,2018 Marine Corps Marathon,26.56,"3,298",4:04:38,163,193,5,169,193,9:13,7:22,945,955,1.03,0,0,0,0,0,0:00,0:00,59,0:00,No,00:00.00,27,0
Running,2018-10-25 12:08:31,FALSE,Montgomery County Running,3.61,470,0:33:24,154,173,3.6,170,188,9:15,7:49,312,299,1.02,0,0,0,0,0,0:00,0:00,57.2,0:00,No,00:00.00,4,0
Running,2018-10-23 11:17:49,FALSE,Montgomery County Running,4.21,532,0:37:37,154,168,3.5,166,224,8:56,6:37,344,331,1.08,0,0,0,0,0,0:00,0:00,68,0:00,No,00:00.00,5,0
Running,2018-10-20 9:04:21,FALSE,Montgomery County Running,10.01,"1,269",1:31:27,154,176,4.5,165,232,9:08,7:37,499,558,1.07,0,0,0,0,0,0:00,0:00,60.8,0:00,No,00:00.00,11,0
Running,2018-10-16 11:21:36,FALSE,Montgomery County Running,4.25,495,0:35:36,150,175,3.4,169,182,8:23,7:09,289,253,1.14,0,0,0,0,0,0:00,0:00,59,0:00,No,00:00.00,5,0
Running,2018-10-12 15:08:12,FALSE,Aix-en-Provence Running,8.04,990,1:18:27,144,173,3.3,154,224,9:46,6:58,860,627,1.07,0,0,0,0,0,0:00,0:00,73.4,0:00,No,00:00.00,9,0
Running,2018-10-05 11:37:20,FALSE,Montgomery County Running,4.7,532,0:41:33,142,169,2.9,163,180,8:50,7:19,348,354,1.12,0,0,0,0,0,0:00,0:00,66.2,0:00,No,00:00.00,5,0
Running,2018-10-04 10:31:57,FALSE,Montgomery County Running,4.19,525,0:36:44,154,180,3.6,158,185,8:46,7:02,282,282,1.16,0,0,0,0,0,0:00,0:00,77,0:00,No,00:00.00,5,0
Running,2018-10-03 10:55:46,FALSE,Montgomery County Running,4.24,534,0:35:43,158,186,3.9,168,180,8:26,7:20,266,256,1.13,0,0,0,0,0,0:00,0:00,78.8,0:00,No,00:00.00,5,0
Running,2018-10-02 10:43:48,FALSE,Montgomery County Running,4.17,520,0:37:07,151,168,3.4,162,232,8:55,7:06,289,276,1.11,0,0,0,0,0,0:00,0:00,77,0:00,No,00:00.00,5,0
Running,2018-10-01 10:40:01,FALSE,Montgomery County Running,4.48,576,0:43:06,149,170,3.3,158,192,9:37,6:41,292,285,1.05,0,0,0,0,0,0:00,0:00,77,0:00,No,00:00.00,5,0
Running,2018-09-27 10:44:07,FALSE,Montgomery County Running,4.19,507,0:36:37,150,167,3.3,165,187,8:44,7:17,285,285,1.12,0,0,0,0,0,0:00,0:00,66.2,0:00,No,00:00.00,5,0
Running,2018-09-26 10:24:43,FALSE,Montgomery County Running,4.22,508,0:37:36,147,164,3.3,167,177,8:55,7:42,262,259,1.08,0,0,0,0,0,0:00,0:00,78.8,0:00,No,00:00.00,5,0
Running,2018-09-25 11:59:02,FALSE,Montgomery County Running,4.11,472,0:33:51,150,171,3.4,170,235,8:15,6:28,259,279,1.15,0,0,0,0,0,0:00,0:00,75.2,0:00,No,00:00.00,5,0
Running,2018-09-21 11:02:06,FALSE,Nashville Running,9.89,"1,231",1:40:58,147,173,3.4,151,218,10:13,7:07,669,509,1.04,0,0,0,0,0,0:00,0:00,84.2,0:00,No,00:00.00,10,0
Running,2018-09-18 12:32:40,FALSE,Montgomery County Running,3.32,416,0:29:18,154,166,3.3,166,181,8:49,7:09,157,230,1.1,0,0,0,0,0,0:00,0:00,75.2,0:00,No,00:00.00,4,0
Running,2018-09-17 10:17:16,FALSE,Montgomery County Running,4.41,534,0:39:13,149,170,3.4,170,181,8:54,7:28,279,305,1.07,0,0,0,0,0,0:00,0:00,75.2,0:00,No,00:00.00,5,0
Running,2018-09-16 7:34:42,FALSE,Montgomery County Running,14,"1,621",2:06:57,153,174,3.8,166,211,9:04,7:46,646,699,1.07,0,0,0,0,0,0:00,0:00,71.6,0:00,No,00:00.00,14,0
Running,2018-09-14 11:30:44,FALSE,Montgomery County Running,4.26,527,0:37:03,156,180,3.6,170,230,8:42,7:26,256,272,1.09,0,0,0,0,0,0:00,0:00,75.2,0:00,No,00:00.00,5,0
Running,2018-09-12 10:47:37,FALSE,Montgomery County Running,3.22,375,0:25:51,156,174,3.4,172,191,8:02,6:59,174,197,1.16,0,0,0,0,0,0:00,0:00,78.8,0:00,No,00:00.00,4,0
Running,2018-09-11 11:46:29,FALSE,Montgomery County Running,4.28,498,0:37:53,145,163,3.2,168,240,8:51,7:05,262,289,1.09,0,0,0,0,0,0:00,0:00,73.4,0:00,No,00:00.00,5,0
Running,2018-09-10 10:55:54,FALSE,Montgomery County Running,4.23,477,0:36:01,147,163,3.2,170,237,8:30,7:25,256,292,1.11,0,0,0,0,0,0:00,0:00,68,0:00,No,00:00.00,5,0
Running,2018-09-06 11:10:58,FALSE,Montgomery County Running,4.25,533,0:36:56,157,179,3.8,168,189,8:41,7:23,249,256,1.1,0,0,0,0,0,0:00,0:00,80.6,0:00,No,00:00.00,5,0
Running,2018-09-05 10:56:20,FALSE,Montgomery County Running,4.25,508,0:36:38,151,171,3.6,168,183,8:37,7:12,246,243,1.11,0,0,0,0,0,0:00,0:00,82.4,0:00,No,00:00.00,5,0
Running,2018-09-02 8:25:26,FALSE,Davidson Running,11.56,"1,379",1:42:27,153,173,4.5,171,187,8:51,7:44,515,509,1.06,0,0,0,0,0,0:00,0:00,75.2,0:00,No,00:00.00,12,0
Running,2018-08-29 12:17:14,FALSE,Montgomery County Running,4.18,523,0:37:11,154,175,3.6,168,248,8:53,7:28,256,253,1.08,0,0,0,0,0,0:00,0:00,80.6,0:00,No,00:00.00,5,0
Running,2018-08-28 11:34:22,FALSE,Montgomery County Running,4.22,496,0:36:07,152,172,3.6,170,189,8:33,7:21,223,220,1.11,0,0,0,0,0,0:00,0:00,86,0:00,No,00:00.00,5,0
Running,2018-08-27 12:19:24,FALSE,Montgomery County Running,4.14,524,0:36:32,156,181,3.9,166,247,8:50,7:16,262,256,1.1,0,0,0,0,0,0:00,0:00,82.4,0:00,No,00:00.00,5,0
Running,2018-08-23 10:57:00,FALSE,Montgomery County Running,4.21,534,0:38:31,154,182,3.7,169,183,9:09,4:40,269,256,1.04,0,0,0,0,0,0:00,0:00,75.2,0:00,No,00:00.00,5,0
Running,2018-08-21 11:35:38,FALSE,Montgomery County Running,4.28,529,0:37:36,153,173,3.7,171,189,8:47,7:35,243,285,1.07,0,0,0,0,0,0:00,0:00,77,0:00,No,00:00.00,5,0
Running,2018-08-20 11:06:45,FALSE,Montgomery County Running,4.23,513,0:36:25,153,174,3.7,172,245,8:36,7:20,266,259,1.09,0,0,0,0,0,0:00,0:00,75.2,0:00,No,00:00.00,5,0
Running,2018-08-15 12:23:30,FALSE,Montgomery County Running,4.1,538,0:36:18,157,180,4.2,162,242,8:51,7:10,282,289,1.12,0,0,0,0,0,0:00,0:00,82.4,0:00,No,00:00.00,5,0
Running,2018-08-14 10:48:33,FALSE,Montgomery County Running,5.51,691,0:46:10,156,182,4.6,166,232,8:23,7:11,358,361,1.16,0,0,0,0,0,0:00,0:00,78.8,0:00,No,00:00.00,6,0
Running,2018-08-08 11:48:55,FALSE,Montgomery County Running,3.85,505,0:34:38,151,179,3.6,166,185,8:59,6:39,240,249,1.08,0,0,0,0,0,0:00,0:00,84.2,0:00,No,00:00.00,4,0
Running,2018-07-31 11:40:17,FALSE,Running,3,362,0:26:30,147,172,3.1,168,181,8:50,4:02,56,36,1.66,0,0,0,0,0,0:00,0:00,84.2,0:00,No,00:00.00,11,0
Running,2018-07-29 11:21:20,FALSE,Running,3,354,0:24:22,155,175,3.3,170,181,8:07,3:22,20,30,1.5,0,0,0,0,0,0:00,0:00,84.2,0:00,No,00:00.00,4,0
Running,2018-07-27 11:28:13,FALSE,Bradenton Beach Running,4,542,0:35:00,163,182,4.1,174,187,8:44,7:50,10,13,1.06,0,0,0,0,0,0:00,0:00,89.6,0:00,No,00:00.00,5,0
Running,2018-07-22 10:33:39,FALSE,Montgomery County Running,14.04,"1,684",2:13:31,150,171,3.5,157,243,9:31,7:28,725,807,1.08,0,0,0,0,0,0:00,0:00,75.2,0:00,No,00:00.00,15,0
Treadmill Running,2018-07-16 20:58:39,FALSE,Treadmill Running,3.26,370,0:25:31,154,170,3.2,176,197,7:49,6:37,NA,NA,1.17,0,0,0,0,0,0:00,0:00,75.2,0:00,No,00:00.00,4,0
Running,2018-07-15 13:54:09,FALSE,Montgomery County Running,4.08,461,0:33:24,149,166,3.2,170,183,8:12,6:45,259,325,1.15,0,0,0,0,0,0:00,0:00,84.2,0:00,No,00:00.00,5,0
Running,2018-07-13 11:57:54,FALSE,Montgomery County Running,4.25,496,0:36:48,147,162,3.3,169,185,8:39,6:58,259,249,1.1,0,0,0,0,0,0:00,0:00,82.4,0:00,No,00:00.00,5,0
Running,2018-07-12 12:24:42,FALSE,Montgomery County Running,4.18,506,0:36:29,151,177,3.5,166,187,8:43,6:40,269,256,1.11,0,0,0,0,0,0:00,0:00,82.4,0:00,No,00:00.00,5,0
Running,2018-07-11 11:33:06,FALSE,Montgomery County Running,4.07,490,0:34:28,154,177,3.6,167,181,8:28,6:38,249,249,1.14,0,0,0,0,0,0:00,0:00,80.6,0:00,No,00:00.00,5,0
Running,2018-07-10 14:29:09,FALSE,Montgomery County Running,3.08,410,0:27:17,160,191,3.8,159,187,8:52,6:29,187,197,1.14,0,0,0,0,0,0:00,0:00,80.6,0:00,No,00:00.00,4,0
Running,2018-07-06 15:23:27,FALSE,Hollywood Running,6.36,726,0:58:10,149,172,3.9,153,183,9:09,7:09,66,66,1.14,0,0,0,0,0,0:00,0:00,82.4,0:00,No,00:00.00,7,0
Running,2018-07-05 15:25:00,FALSE,Florida Running,3.14,389,0:37:59,126,178,2.7,130,177,12:06,7:17,105,36,1.01,0,0,0,0,0,0:00,0:00,82.4,0:00,No,00:00.00,4,0
Running,2018-07-04 12:14:24,FALSE,Montgomery County Running,6,848,1:00:46,156,183,4.4,148,185,10:07,7:23,413,443,1.07,0,0,0,0,0,0:00,0:00,84.2,0:00,No,00:00.00,7,0
Trail Running,2018-06-30 7:29:59,FALSE,Little Bennett XC,4.75,588,0:39:40,162,185,4.3,171,208,8:21,4:49,308,331,1.13,0,0,0,0,0,0:00,0:00,69.8,0:00,No,00:00.00,5,0
Running,2018-06-28 10:30:03,FALSE,Montgomery County Running,4.11,478,0:34:49,152,184,3.6,166,191,8:28,6:42,279,285,1.14,0,0,0,0,0,0:00,0:00,82.4,0:00,No,00:00.00,5,0
Running,2018-06-26 11:02:37,FALSE,Montgomery County Running,4.27,506,0:35:24,158,183,4,170,193,8:17,7:03,269,249,1.14,0,0,0,0,0,0:00,0:00,80.6,0:00,No,00:00.00,5,0
Running,2018-06-20 10:25:35,FALSE,Montgomery County Running,4.27,532,0:37:49,157,181,4,170,187,8:52,6:44,256,259,1.06,0,0,0,0,0,0:00,0:00,78.8,0:00,No,00:00.00,5,0
Running,2018-06-19 10:52:36,FALSE,Montgomery County Running,4.29,531,0:41:31,146,165,3.4,166,181,9:41,8:13,262,282,1,0,0,0,0,0,0:00,0:00,80.6,0:00,No,00:00.00,5,0
Running,2018-06-11 10:29:47,FALSE,Montgomery County Running,4.26,548,0:38:46,157,179,3.9,164,208,9:06,6:48,276,295,1.07,0,0,0,0,0,0:00,0:00,62.6,0:00,No,00:00.00,5,0
Running,2018-06-10 15:01:40,FALSE,Montgomery County Running,6,721,0:51:01,157,177,4.5,155,238,8:30,6:28,374,377,1.22,0,0,0,0,0,0:00,0:00,78.8,0:00,No,00:00.00,1,0
Running,2018-06-07 9:53:27,FALSE,Montgomery County Running,3.32,429,0:31:02,149,180,3.1,161,187,9:21,6:46,203,184,1.07,0,0,0,0,0,0:00,0:00,73.4,0:00,No,00:00.00,2,0
Running,2018-06-05 11:50:12,FALSE,Montgomery County Running,3.97,450,0:30:21,157,183,4,166,242,7:39,6:09,351,236,1.27,0,0,0,0,0,0:00,0:00,75.2,0:00,No,00:00.00,1,0
Running,2018-06-04 10:30:50,FALSE,Montgomery County Running,4.31,578,0:38:18,162,182,4.4,160,170,8:53,7:53,289,276,1.13,0,0,0,0,0,0:00,0:00,66.2,0:00,No,00:00.00,1,0
Running,2018-05-30 11:26:30,FALSE,Montgomery County Running,4.19,527,0:36:15,155,182,4.2,162,181,8:39,7:07,269,259,1.15,0,0,0,0,0,0:00,0:00,77,0:00,No,00:00.00,1,0
Running,2018-05-23 11:49:50,FALSE,Montgomery County Running,3.16,437,0:30:56,154,180,3.7,157,201,9:47,7:53,200,203,1.05,0,0,0,0,0,0:00,0:00,77,0:00,No,00:00.00,1,0
Running,2018-05-22 10:18:41,FALSE,Montgomery County Running,4.65,599,0:43:40,149,165,3.7,162,181,9:23,7:12,282,305,1.05,0,0,0,0,0,0:00,0:00,69.8,0:00,No,00:00.00,1,0
Running,2018-05-21 10:03:40,FALSE,Montgomery County Running,4.27,548,0:39:45,148,165,3.5,162,175,9:19,7:55,269,259,1.07,0,0,0,0,0,0:00,0:00,75.2,0:00,No,00:00.00,1,0
Running,2018-05-17 18:03:12,FALSE,Lucca Running,3.27,449,0:32:52,146,165,2.9,151,206,10:04,8:02,89,36,1.06,0,0,0,0,0,0:00,0:00,66.2,0:00,No,00:00.00,1,0
Running,2018-05-10 11:48:45,FALSE,Montgomery County Running,4.46,627,0:45:11,152,169,3.5,156,189,10:07,7:27,266,272,1.02,0,0,0,0,0,0:00,0:00,73.4,0:00,No,00:00.00,1,0
Running,2018-04-30 15:02:49,FALSE,Montgomery County Running,3.58,513,0:35:24,152,182,3.4,160,235,9:53,6:55,256,240,1.02,0,0,0,0,0,0:00,0:00,73.4,0:00,No,00:00.00,1,0
Running,2018-04-29 7:57:18,FALSE,Pike's Peek 10k,6.25,618,0:41:37,155,171,3.8,175,190,6:39,6:01,217,292,1.38,0,0,0,0,0,0:00,0:00,55.4,0:00,No,00:00.00,6,0
Running,2018-04-27 11:32:57,FALSE,Montgomery County Running,4.14,449,0:33:48,143,164,3.1,166,238,8:10,7:04,299,289,1.19,0,0,0,0,0,0:00,0:00,62.6,0:00,No,00:00.00,5,0
Running,2018-04-26 14:09:30,FALSE,Montgomery County Running,3.58,460,0:34:24,148,165,3.2,154,216,9:36,7:37,210,217,1.08,0,0,0,0,0,0:00,0:00,73.4,0:00,No,00:00.00,4,0
Running,2018-04-24 11:48:59,FALSE,Montgomery County Running,3.85,448,0:29:35,157,176,3.5,172,191,7:41,6:28,276,256,1.22,0,0,0,0,0,0:00,0:00,64.4,0:00,No,00:00.00,4,0
Running,2018-04-23 10:11:00,FALSE,Montgomery County Running,3.87,517,0:38:29,146,158,3.1,163,183,9:57,8:41,292,266,0.99,0,0,0,0,0,0:00,0:00,68,0:00,No,00:00.00,4,0
Running,2018-04-18 9:38:44,FALSE,Anna Maria Running,3.13,351,0:24:00,153,179,3.3,182,199,7:40,6:17,7,69,1.15,0,0,0,0,0,0:00,0:00,73.4,0:00,No,00:00.00,4,0
Running,2018-04-16 8:49:17,FALSE,Florida Running,4,564,0:41:59,146,163,3.3,153,223,10:29,7:30,233,289,1,0,0,0,0,0,0:00,0:00,60.8,0:00,No,00:00.00,5,0
Running,2018-04-15 8:48:34,FALSE,Anna Maria Running,6.14,912,1:00:13,163,185,4.5,169,193,9:48,7:32,66,72,0.97,0,0,0,0,0,0:00,0:00,77,0:00,No,00:00.00,7,0
Running,2018-04-12 12:11:25,FALSE,Montgomery County Running,3,341,0:22:05,160,181,3.4,172,187,7:21,6:00,197,161,1.27,0,0,0,0,0,0:00,0:00,68,0:00,No,00:00.00,4,0
Running,2018-04-08 7:30:06,FALSE,2018 Cherry Blossom 10 Miler,10.09,"1,042",1:11:49,158,179,4.4,173,194,7:07,5:44,203,207,1.31,0,0,0,0,0,0:00,0:00,44.6,0:00,No,00:00.00,1,0
Running,2018-04-04 11:14:35,FALSE,Montgomery County Running,4.21,482,0:34:43,150,172,3.3,163,190,8:15,6:33,276,364,1.2,0,0,0,0,0,0:00,0:00,55.4,0:00,No,00:00.00,1,0
Running,2018-04-01 15:17:45,FALSE,Montgomery County Running,6.9,896,1:04:39,155,181,4,156,245,9:22,6:51,469,505,1.1,0,0,0,0,0,0:00,0:00,64.4,0:00,No,00:00.00,1,0
Running,2018-03-30 11:26:22,FALSE,Montgomery County Running,4.06,526,0:35:35,157,180,3.8,162,183,8:46,7:09,266,249,1.13,0,0,0,0,0,0:00,0:00,75.2,0:00,No,00:00.00,1,0
Running,2018-03-25 14:13:27,FALSE,Montgomery County Running,10,"1,135",1:24:54,151,168,4,170,196,8:29,7:00,525,489,1.11,0,0,0,0,0,0:00,0:00,48.2,0:00,No,00:00.00,1,0
Running,2018-03-20 12:20:57,FALSE,Montgomery County Running,4.15,499,0:34:59,154,169,3.4,171,188,8:25,6:43,312,328,1.12,0,0,0,0,0,0:00,0:00,39.2,0:00,No,00:00.00,1,0
Running,2018-03-19 10:32:16,FALSE,Montgomery County Running,4.06,494,0:34:35,152,162,3.4,168,185,8:31,7:18,272,249,1.12,0,0,0,0,0,0:00,0:00,59,0:00,No,00:00.00,1,0
Running,2018-03-14 12:03:47,FALSE,Montgomery County Running,4.1,483,0:33:28,153,163,3.4,169,188,8:09,6:47,315,276,1.17,0,0,0,0,0,0:00,0:00,46.4,0:00,No,00:00.00,1,0
Running,2018-03-13 10:35:22,FALSE,Montgomery County Running,4.22,481,0:33:33,154,178,3.4,168,188,7:57,6:36,328,305,1.21,0,0,0,0,0,0:00,0:00,48.2,0:00,No,00:00.00,1,0
Running,2018-03-12 12:22:46,FALSE,Montgomery County Running,4.12,486,0:34:27,152,166,3.5,171,188,8:21,7:06,282,256,1.13,0,0,0,0,0,0:00,0:00,48.2,0:00,No,00:00.00,1,0
Running,2018-03-08 11:05:36,FALSE,Montgomery County Running,4.17,509,0:36:07,155,174,3.5,173,191,8:40,7:21,318,282,1.08,0,0,0,0,0,0:00,0:00,48.2,0:00,No,00:00.00,1,0
Running,2018-03-06 11:25:57,FALSE,Montgomery County Running,4.08,493,0:36:21,152,172,3.3,177,245,8:55,7:23,276,253,1.02,0,0,0,0,0,0:00,0:00,55.4,0:00,No,00:00.00,1,0
Running,2018-03-03 13:51:23,FALSE,Montgomery County Running,14.09,"1,738",2:09:56,158,177,4.4,169,244,9:13,6:50,745,755,1.03,0,0,0,0,0,0:00,0:00,53.6,0:00,No,00:00.00,1,0
Running,2018-02-26 10:54:12,FALSE,Montgomery County Running,4.12,557,0:40:39,154,173,3.5,173,191,9:52,8:32,276,266,0.94,0,0,0,0,0,0:00,0:00,53.6,0:00,No,00:00.00,5,0
Running,2018-02-24 12:24:40,FALSE,Montgomery County Running,14.25,"2,056",2:19:33,167,199,5,166,208,9:47,7:00,676,699,0.99,0,0,0,0,0,0:00,0:00,51.8,0:00,No,00:00.00,16,0
Running,2018-02-21 11:02:10,FALSE,Rockville Running,4.19,559,0:37:49,157,178,3.8,165,179,9:02,7:25,249,240,1.08,0,0,0,0,0,0:00,0:00,77,0:00,No,00:00.00,5,0
Running,2018-02-20 16:01:48,FALSE,Rockville Running,4.01,511,0:33:56,160,188,3.8,163,179,8:28,6:17,243,259,1.17,0,0,0,0,0,0:00,0:00,75.2,0:00,No,00:00.00,5,0
Running,2018-02-14 11:36:07,FALSE,Rockville Running,4.02,530,0:36:26,155,179,3.6,162,178,9:03,7:47,292,269,1.1,0,0,0,0,0,0:00,0:00,53.6,0:00,No,00:00.00,5,0
Running,2018-02-12 11:57:21,FALSE,Rockville Running,4.23,511,0:37:03,148,171,3.3,165,176,8:45,7:44,308,272,1.12,0,0,0,0,0,0:00,0:00,51.8,0:00,No,00:00.00,5,0
Running,2018-02-10 14:44:54,FALSE,Silver Spring Running,6.94,918,1:00:30,161,190,5,156,182,8:43,6:38,404,423,1.19,0,0,0,0,0,0:00,0:00,46.4,0:00,No,00:00.00,7,0
Running,2018-02-08 16:30:49,FALSE,Hollywood Running,3.16,425,0:29:42,153,165,3.2,169,199,9:23,7:02,52,39,1.01,0,0,0,0,0,0:00,0:00,57.2,0:00,No,00:00.00,4,0
Running,2018-02-01 13:39:56,FALSE,Rockville Running,4.09,522,0:35:51,154,171,3.5,167,232,8:45,6:42,269,249,1.1,0,0,0,0,0,0:00,0:00,59,0:00,No,00:00.00,5,0
Track Running,2018-01-30 10:35:44,FALSE,Rockville Running,3,294,0:21:05,151,162,2.9,172,201,7:02,5:01,203,210,1.33,0,0,0,0,0,0:00,0:00,42.8,0:00,No,00:00.00,12,0
Running,2018-01-27 13:01:21,FALSE,Washington Running,15.95,"1,967",2:27:59,157,178,4.3,160,246,9:17,7:36,732,430,1.08,0,0,0,0,0,0:00,0:00,64.4,0:00,No,00:00.00,16,0
Running,2018-01-24 10:43:11,FALSE,Rockville Running,4.87,608,0:37:34,167,185,4.5,171,188,7:43,5:13,331,322,1.22,0,0,0,0,0,0:00,0:00,46.4,0:00,No,00:00.00,5,0
Running,2018-01-23 10:27:56,FALSE,Rockville Running,4.29,585,0:37:27,162,188,4.3,171,184,8:44,7:37,282,266,1.08,0,0,0,0,0,0:00,0:00,64.4,0:00,No,00:00.00,5,0
Running,2018-01-22 12:08:23,FALSE,Rockville Running,4.49,560,0:36:56,157,182,3.9,165,180,8:13,7:10,289,266,1.18,0,0,0,0,0,0:00,0:00,62.6,0:00,No,00:00.00,5,0
Treadmill Running,2018-01-16 10:32:03,FALSE,Treadmill Running,3.1,350,0:22:33,159,179,3.4,179,191,7:16,7:46,NA,NA,1,0,0,0,0,0,0:00,0:00,71.6,0:00,No,00:00.00,3,0
Running,2018-01-07 5:44:52,FALSE,2018 Disney Marathon,26.6,"3,259",3:55:18,166,198,5,164,248,8:51,7:19,285,325,1.11,0,0,0,0,0,0:00,0:00,46.4,0:00,No,00:00.00,27,0
Treadmill Running,2018-01-04 11:43:14,FALSE,Treadmill Running,4,490,0:34:30,146,161,3.3,168,175,8:38,8:24,NA,NA,1.06,0,0,0,0,0,0:00,0:00,73.4,0:00,No,00:00.00,4,0
Treadmill Running,2018-01-03 11:25:35,FALSE,Treadmill Running,3,380,0:26:00,147,161,3.1,165,174,8:40,8:27,NA,NA,1.06,0,0,0,0,0,0:00,0:00,73.4,0:00,No,00:00.00,3,0
Treadmill Running,2018-01-02 10:30:06,FALSE,Treadmill Running,5,604,0:44:45,150,164,3.2,166,179,8:57,7:19,NA,NA,1.06,0,0,0,0,0,0:00,0:00,69.8,0:00,No,00:00.00,5,0
Running,2017-12-29 15:20:37,FALSE,Silver Spring Running,6,707,0:49:55,152,175,4,162,180,8:19,6:55,413,394,1.19,0,0,0,0,0,0:00,0:00,39.2,0:00,No,00:00.00,7,0
Running,2017-12-25 15:06:22,FALSE,Davidson Running,12.12,"1,903",2:00:08,169,200,5,159,246,9:55,7:49,751,768,1.02,0,0,0,0,0,0:00,0:00,39.2,0:00,No,00:00.00,13,0
Running,2017-12-18 10:26:17,FALSE,Rockville Running,13.01,"1,355",1:52:12,147,173,3.3,162,174,8:38,6:41,725,659,1.15,0,0,0,0,0,0:00,0:00,55.4,0:00,No,00:00.00,14,0
Running,2017-12-14 11:35:18,FALSE,Rockville Running,4.01,420,0:32:23,141,170,3,162,182,8:04,6:19,282,295,1.23,0,0,0,0,0,0:00,0:00,44.6,0:00,No,00:00.00,9,0
Running,2017-12-12 11:18:39,FALSE,Rockville Running,3.73,406,0:30:32,145,157,3,160,227,8:11,5:16,272,230,1.21,0,0,0,0,0,0:00,0:00,50,0:00,No,00:00.00,11,0
Running,2017-12-10 12:08:44,FALSE,Silver Spring Running,18.01,"1,941",2:41:33,151,180,3.9,157,173,8:58,7:03,732,699,1.15,0,0,0,0,0,0:00,0:00,44.6,0:00,No,00:00.00,19,0
Running,2017-12-07 11:02:44,FALSE,Rockville Running,4.01,477,0:32:01,154,175,3.5,165,223,7:59,6:17,282,269,1.22,0,0,0,0,0,0:00,0:00,51.8,0:00,No,00:00.00,9,0
Running,2017-12-03 9:45:41,FALSE,Silver Spring Running,13.02,"1,458",1:46:58,149,163,3.4,161,178,8:13,6:21,476,472,1.21,0,0,0,0,0,0:00,0:00,59,0:00,No,00:00.00,14,0
Running,2017-11-30 10:52:07,FALSE,Rockville Running,4.01,481,0:31:52,153,174,3.3,165,175,7:57,5:59,279,269,1.23,0,0,0,0,0,0:00,0:00,64.4,0:00,No,00:00.00,9,0
Running,2017-11-28 11:25:15,FALSE,Rockville Running,3.73,445,0:30:19,152,171,3.1,160,177,8:07,5:12,259,240,1.23,0,0,0,0,0,0:00,0:00,68,0:00,No,00:00.00,11,0
Running,2017-11-22 12:13:07,FALSE,Rockville Running,5,585,0:41:48,148,178,3.3,159,173,8:21,6:47,315,322,1.21,0,0,0,0,0,0:00,0:00,59,0:00,No,00:00.00,6,0
Running,2017-11-19 7:21:48,FALSE,Silver Spring Running,10.96,"1,238",1:35:54,150,175,3.4,160,171,8:45,6:59,463,551,1.15,0,0,0,0,0,0:00,0:00,59,0:00,No,00:00.00,11,0
Running,2017-11-16 10:32:43,FALSE,Rockville Running,4.01,476,0:31:29,156,188,3.5,164,174,7:51,6:02,256,233,1.25,0,0,0,0,0,0:00,0:00,68,0:00,No,00:00.00,9,0
Running,2017-11-14 10:40:48,FALSE,Rockville Running,3.74,433,0:30:28,150,161,3,160,184,8:09,4:54,269,243,1.22,0,0,0,0,0,0:00,0:00,59,0:00,No,00:00.00,11,0
Running,2017-11-13 11:33:59,FALSE,Rockville Running,4.25,523,0:35:44,151,168,3.7,164,182,8:24,6:55,266,249,1.17,0,0,0,0,0,0:00,0:00,60.8,0:00,No,00:00.00,5,0
Running,2017-11-11 6:40:58,FALSE,Silver Spring Running,7,777,1:00:07,145,155,3.2,163,173,8:35,6:14,433,456,1.15,0,0,0,0,0,0:00,0:00,42.8,0:00,No,00:00.00,8,0
Running,2017-11-01 11:18:04,FALSE,Rockville Running,3.96,453,0:31:14,154,174,3.3,163,182,7:53,6:13,262,259,1.25,0,0,0,0,0,0:00,0:00,62.6,0:00,No,00:00.00,NA,0
Running,2017-10-22 8:07:41,FALSE,42nd Marine Corps Marathon,26.65,"3,321",4:14:48,162,188,5,155,232,9:34,6:10,673,614,1.08,0,0,0,0,0,0:00,0:00,66.2,0:00,No,00:00.00,NA,0
Treadmill Running,2017-10-18 11:01:40,FALSE,Treadmill Running,3.11,365,0:24:57,149,179,3.3,169,175,8:01,6:20,NA,3,1.29,0,0,0,0,0,0:00,0:00,80.6,0:00,No,00:00.00,NA,0
Running,2017-10-10 10:46:04,FALSE,Rockville Running,4.25,497,0:36:05,145,171,3.1,159,227,8:30,7:12,246,243,1.19,0,0,0,0,0,0:00,0:00,84.2,0:00,No,00:00.00,NA,0
Running,2017-09-27 12:36:40,FALSE,Rockville Running,4.1,541,0:37:02,153,177,3.4,152,175,9:02,7:27,246,230,1.17,0,0,0,0,0,0:00,0:00,84.2,0:00,No,00:00.00,NA,0
Running,2017-09-26 11:03:19,FALSE,Rockville Running,4.2,521,0:38:57,142,162,3,162,208,9:16,7:49,256,246,1.07,0,0,0,0,0,0:00,0:00,82.4,0:00,No,00:00.00,NA,0
Running,2017-09-24 10:52:39,FALSE,Silver Spring Running,6.66,815,0:57:25,148,170,3.7,156,174,8:37,7:07,197,305,1.2,0,0,0,0,0,0:00,0:00,84.2,0:00,No,00:00.00,NA,0
Running,2017-09-18 11:31:34,FALSE,Rockville Running,3.07,417,0:29:28,145,161,2.9,162,170,9:37,7:25,194,187,1.04,0,0,0,0,0,0:00,0:00,75.2,0:00,No,00:00.00,NA,0
Running,2017-09-17 9:04:16,FALSE,Silver Spring Running,20.01,"2,374",2:53:13,155,173,4,159,232,8:39,7:10,548,581,1.17,0,0,0,0,0,0:00,0:00,71.6,0:00,No,00:00.00,NA,0
Running,2017-09-14 12:15:06,FALSE,Rockville Running,4.03,459,0:34:01,140,155,2.7,162,230,8:26,6:36,253,243,1.17,0,0,0,0,0,0:00,0:00,77,0:00,No,00:00.00,NA,0
Running,2017-09-13 12:30:44,FALSE,Rockville Running,4.23,519,0:36:33,145,174,3.1,163,174,8:39,7:17,259,246,1.14,0,0,0,0,0,0:00,0:00,71.6,0:00,No,00:00.00,NA,0
Running,2017-09-11 11:49:16,FALSE,Rockville Running,3.85,455,0:35:18,137,156,2.6,160,170,9:10,7:42,253,236,1.1,0,0,0,0,0,0:00,0:00,71.6,0:00,No,00:00.00,NA,0
Running,2017-09-10 6:48:38,FALSE,Parks Half Marathon,13.14,"1,525",1:35:12,162,195,5,168,218,7:15,5:59,469,768,1.32,0,0,0,0,0,0:00,0:00,53.6,0:00,No,00:00.00,NA,0
Running,2017-09-06 10:48:00,FALSE,Running,4.18,519,0:35:28,151,179,3.2,157,174,8:29,6:40,253,262,1.21,0,0,0,0,0,0:00,0:00,64.4,0:00,No,00:00.00,NA,0
Running,2017-09-05 11:00:49,FALSE,Rockville Running,4.04,497,0:33:07,153,183,3.4,160,168,8:12,6:58,256,246,1.23,0,0,0,0,0,0:00,0:00,78.8,0:00,No,00:00.00,NA,0
Running,2017-09-02 14:41:00,FALSE,Silver Spring Running,8.01,966,0:59:44,164,191,4.9,165,188,7:28,6:06,413,423,1.31,0,0,0,0,0,0:00,0:00,62.6,0:00,No,00:00.00,NA,0
Running,2017-08-31 10:46:26,FALSE,Silver Spring Running,4.72,577,0:38:29,153,174,3.5,163,170,8:09,6:42,348,387,1.21,0,0,0,0,0,0:00,0:00,77,0:00,No,00:00.00,NA,0
Running,2017-08-30 10:26:50,FALSE,Rockville Running,4.21,562,0:35:40,158,187,3.8,162,172,8:28,7:10,240,236,1.17,0,0,0,0,0,0:00,0:00,71.6,0:00,No,00:00.00,NA,0
Running,2017-08-28 10:33:57,FALSE,Rockville Running,3.58,444,0:30:18,150,175,3.1,159,174,8:28,6:52,226,207,1.2,0,0,0,0,0,0:00,0:00,71.6,0:00,No,00:00.00,NA,0
Running,2017-08-27 8:39:54,FALSE,Silver Spring Running,11.42,"1,389",1:35:37,155,180,4.3,162,222,8:22,6:15,390,456,1.19,0,0,0,0,0,0:00,0:00,66.2,0:00,No,00:00.00,NA,0
Running,2017-08-26 10:03:01,FALSE,Brookside Gardens Loop,3,327,0:21:16,159,182,3.1,166,175,7:05,5:55,115,115,1.37,0,0,0,0,0,0:00,0:00,71.6,0:00,No,00:00.00,NA,0
Running,2017-08-24 11:59:02,FALSE,Rockville Running,3.74,458,0:30:03,160,179,3.4,160,175,8:02,5:25,256,230,1.24,0,0,0,0,0,0:00,0:00,78.8,0:00,No,00:00.00,NA,0
Running,2017-08-21 10:26:54,FALSE,Rockville Running,4.22,515,0:37:29,147,172,3.2,163,170,8:53,7:36,236,230,1.11,0,0,0,0,0,0:00,0:00,80.6,0:00,No,00:00.00,NA,0
Running,2017-08-20 6:34:01,FALSE,Silver Spring Running,15.85,"1,589",2:26:39,141,177,3.1,160,172,9:15,7:26,482,538,1.09,0,0,0,0,0,0:00,0:00,66.2,0:00,No,00:00.00,NA,0
Running,2017-08-19 7:31:07,FALSE,Silver Spring Running,4.85,590,0:36:27,171,182,4.3,167,177,7:31,5:19,262,282,1.28,0,0,0,0,0,0:00,0:00,71.6,0:00,No,00:00.00,NA,0
Running,2017-08-18 11:13:33,FALSE,Rockville Running,4.2,550,0:35:21,162,181,3.9,163,170,8:25,7:19,243,236,1.17,0,0,0,0,0,0:00,0:00,80.6,0:00,No,00:00.00,NA,0
Running,2017-08-14 10:44:28,FALSE,Rockville Running,4.14,525,0:36:57,149,166,3.3,162,170,8:55,7:51,233,226,1.11,0,0,0,0,0,0:00,0:00,75.2,0:00,No,00:00.00,NA,0
Running,2017-08-13 13:26:29,FALSE,Silver Spring Running,9.87,"1,317",1:30:01,157,193,4.4,155,170,9:07,6:38,413,417,1.14,0,0,0,0,0,0:00,0:00,80.6,0:00,No,00:00.00,NA,0
Running,2017-08-12 15:35:36,FALSE,Silver Spring Running,7.01,952,1:00:01,162,185,4.6,156,189,8:34,7:01,436,440,1.2,0,0,0,0,0,0:00,0:00,80.6,0:00,No,00:00.00,NA,0
Running,2017-08-08 12:16:33,FALSE,Rockville Running,3.43,343,0:28:23,134,171,2.6,149,230,8:16,5:30,226,223,1.26,0,0,0,0,0,0:00,0:00,75.2,0:00,No,00:00.00,NA,0
Running,2017-08-06 7:58:28,FALSE,Silver Spring Running,14,"1,544",2:05:52,148,170,3.4,160,174,8:59,7:44,479,482,1.12,0,0,0,0,0,0:00,0:00,68,0:00,No,00:00.00,NA,0
Running,2017-08-05 7:30:56,FALSE,Silver Spring Running,7,898,0:59:37,159,184,4.4,157,172,8:31,6:26,456,495,1.21,0,0,0,0,0,0:00,0:00,71.6,0:00,No,00:00.00,NA,0
Running,2017-08-03 11:17:38,FALSE,Rockville Running,4.01,453,0:31:49,154,178,3.4,165,175,7:56,6:22,210,203,1.23,0,0,0,0,0,0:00,0:00,80.6,0:00,No,00:00.00,NA,0
Running,2017-08-02 11:20:27,FALSE,Rockville Running,3.26,425,0:30:55,147,167,3.2,160,244,9:29,5:53,174,171,1.06,0,0,0,0,0,0:00,0:00,80.6,0:00,No,00:00.00,NA,0
Running,2017-07-31 12:02:09,FALSE,Rockville Running,4.2,547,0:38:08,152,177,3.8,161,189,9:05,7:47,240,226,1.1,0,0,0,0,0,0:00,0:00,78.8,0:00,No,00:00.00,NA,0
Running,2017-07-30 7:04:00,FALSE,Riley's Rumble Half Marathon,13.28,"1,474",1:43:16,160,185,5,165,175,7:47,6:40,876,896,1.25,0,0,0,0,0,0:00,0:00,60.8,0:00,No,00:00.00,NA,0
Running,2017-07-26 10:31:23,FALSE,Rockville Running,3.67,448,0:33:40,148,158,3.4,163,168,9:10,8:04,240,226,1.08,0,0,0,0,0,0:00,0:00,77,0:00,No,00:00.00,NA,0
Running,2017-07-25 10:44:47,FALSE,Rockville Running,3.45,385,0:28:25,155,180,3.7,151,238,8:14,5:17,220,220,1.25,0,0,0,0,0,0:00,0:00,77,0:00,No,00:00.00,NA,0
Running,2017-07-24 10:53:02,FALSE,Rockville Running,3.63,456,0:34:46,146,161,3.4,161,168,9:35,8:10,223,213,1.05,0,0,0,0,0,0:00,0:00,80.6,0:00,No,00:00.00,NA,0
Running,2017-07-22 6:37:38,FALSE,Silver Spring Running,14.01,"1,707",2:06:45,159,178,5,154,170,9:03,7:10,561,640,1.15,0,0,0,0,0,0:00,0:00,77,0:00,No,00:00.00,NA,0
Running,2017-07-04 15:24:07,FALSE,Silver Spring Running,9.14,"1,149",1:14:53,NA,NA,NA,NA,NA,8:12,1:37,325,329,0,0,0,0,0,0,0:00,0:00,NA,0:00,No,00:00.00,NA,0
Running,2016-10-30 8:03:47,FALSE,41st Marine Corps Marathon,26.59,"3,325",4:12:05,NA,NA,NA,NA,NA,9:29,1:37,589,548,0,0,0,0,0,0,0:00,0:00,NA,0:00,No,00:00.00,NA,0
Running,2016-10-23 12:08:39,FALSE,Silver Spring Running,8,"1,014",1:04:01,NA,NA,NA,NA,NA,8:00,6:07,312,331,0,0,0,0,0,0,0:00,0:00,NA,0:00,No,00:00.00,NA,0
Running,2016-10-15 9:36:32,FALSE,Silver Spring Running,11.73,"1,491",1:42:23,NA,NA,NA,NA,NA,8:44,4:28,422,459,0,0,0,0,0,0,0:00,0:00,NA,0:00,No,00:00.00,NA,0
Running,2016-10-02 12:51:41,FALSE,Silver Spring Running,12,"1,514",1:46:54,NA,NA,NA,NA,NA,8:55,3:01,383,388,0,0,0,0,0,0,0:00,0:00,NA,0:00,No,00:00.00,NA,0
Running,2016-09-18 6:12:41,FALSE,Silver Spring Running,17.48,"2,208",2:40:16,NA,NA,NA,NA,NA,9:10,4:59,454,500,0,0,0,0,0,0,0:00,0:00,NA,0:00,No,00:00.00,NA,0
Running,2016-09-11 5:41:29,FALSE,Silver Spring Running,14.71,"1,853",2:17:53,NA,NA,NA,NA,NA,9:22,3:28,405,402,0,0,0,0,0,0,0:00,0:00,NA,0:00,No,00:00.00,NA,0
Running,2016-09-03 6:54:42,FALSE,Davidson Running,7.38,944,1:10:24,NA,NA,NA,NA,NA,9:32,0:59,311,310,0,0,0,0,0,0,0:00,0:00,NA,0:00,No,00:00.00,NA,0
Running,2016-08-26 14:13:42,FALSE,Tres Pistolas Trail (Albuquerque),3.55,412,0:39:59,NA,NA,NA,NA,NA,11:16,5:00,884,890,0,0,0,0,0,0,0:00,0:00,NA,0:00,No,00:00.00,NA,0
Running,2016-08-25 17:46:55,FALSE,Michael Emery Trail (Albuquerque),4.85,607,0:43:51,NA,NA,NA,NA,NA,9:03,5:23,464,449,0,0,0,0,0,0,0:00,0:00,NA,0:00,No,00:00.00,NA,0
Running,2016-08-23 17:28:07,FALSE,Pino Trail (Albuquerque),4.42,548,0:42:11,NA,NA,NA,NA,NA,9:32,7:12,621,590,0,0,0,0,0,0,0:00,0:00,NA,0:00,No,00:00.00,NA,0
Running,2016-08-16 6:05:00,FALSE,Las Vegas Running,5.77,710,0:50:47,NA,NA,NA,NA,NA,8:49,2:34,82,79,0,0,0,0,0,0,0:00,0:00,NA,0:00,No,00:00.00,NA,0
Running,2016-07-31 16:52:31,FALSE,Hamburg Eppendorf Running,7.92,990,1:08:58,NA,NA,NA,NA,NA,8:43,4:56,174,139,0,0,0,0,0,0,0:00,0:00,NA,0:00,No,00:00.00,NA,0
Running,2016-06-26 5:54:52,FALSE,Silver Spring Running,12.58,"1,599",1:50:44,NA,NA,NA,NA,NA,8:48,6:28,430,428,0,0,0,0,0,0,0:00,0:00,NA,0:00,No,00:00.00,NA,0
Running,2016-05-22 6:50:37,FALSE,Silver Spring Running,14,"1,789",2:00:17,NA,NA,NA,NA,NA,8:36,1:21,516,541,0,0,0,0,0,0,0:00,0:00,NA,0:00,No,00:00.00,NA,0
Running,2016-04-24 7:54:16,FALSE,Pike's Peek 10k,6.24,781,0:42:12,NA,NA,NA,NA,NA,6:46,4:26,119,168,0,0,0,0,0,0,0:00,0:00,NA,0:00,No,00:00.00,NA,0
Running,2016-04-02 7:00:04,FALSE,Marine Corps 17.75k,11.09,"1,420",1:25:07,NA,NA,NA,NA,NA,7:41,4:31,792,778,0,0,0,0,0,0,0:00,0:00,NA,0:00,No,00:00.00,NA,0
Running,2016-03-27 6:41:33,FALSE,Chevy Chase Running,7.96,"1,008",1:10:12,NA,NA,NA,NA,NA,8:49,0:49,41,326,0,0,0,0,0,0,0:00,0:00,NA,0:00,No,00:00.00,NA,0
Running,2016-03-20 7:33:28,FALSE,Piece of Cake 10k,6.15,776,0:44:05,NA,NA,NA,NA,NA,7:10,4:38,381,400,0,0,0,0,0,0,0:00,0:00,NA,0:00,No,00:00.00,NA,0
Running,2015-12-27 6:46:10,FALSE,Silver Spring Running,9.94,"1,262",1:29:01,NA,NA,NA,NA,NA,8:57,4:33,424,399,0,0,0,0,0,0,0:00,0:00,NA,0:00,No,00:00.00,NA,0
Running,2015-10-25 7:56:13,FALSE,40th Marine Corps Marathon,26.53,"3,358",3:57:52,154,169,NA,NA,NA,8:58,2:16,569,531,0,0,0,0,0,0,0:00,0:00,NA,0:00,No,00:00.00,NA,0
Running,2015-10-18 13:01:13,FALSE,Silver Spring Running,10,"1,262",1:19:01,157,209,NA,NA,NA,7:54,4:15,215,213,0,0,0,0,0,0,0:00,0:00,NA,0:00,No,00:00.00,NA,0
Running,2015-10-12 13:31:19,FALSE,Silver Spring Running,14.4,"1,822",2:02:52,153,196,NA,NA,NA,8:32,4:03,554,555,0,0,0,0,0,0,0:00,0:00,NA,0:00,No,00:00.00,NA,0
Running,2015-09-20 13:17:23,FALSE,Silver Spring Running,14.62,"1,831",2:10:17,154,169,NA,NA,NA,8:55,1:38,577,592,0,0,0,0,0,0,0:00,0:00,NA,0:00,No,00:00.00,NA,0
Running,2015-08-23 13:17:49,FALSE,Silver Spring Running,18.51,"2,300",2:42:26,153,164,NA,NA,NA,8:47,1:01,411,692,0,0,0,0,0,0,0:00,0:00,NA,0:00,No,00:00.00,NA,0
Running,2015-08-02 7:08:06,FALSE,Riley's Rumble  Half Marathon,13.26,"1,684",1:44:49,162,171,NA,NA,NA,7:54,5:16,755,748,0,0,0,0,0,0,0:00,0:00,NA,0:00,No,00:00.00,NA,0
Running,2015-05-16 11:25:10,FALSE,Running,13.56,"1,749",1:59:22,166,179,NA,NA,NA,8:48,5:17,NA,NA,0,0,0,0,0,0,0:00,0:00,NA,0:00,No,00:00.00,NA,0
Running,2015-05-02 8:03:07,FALSE,Capital For a Day 5k,3.09,388,0:21:36,175,187,NA,NA,NA,7:00,4:50,160,157,0,0,0,0,0,0,0:00,0:00,NA,0:00,No,00:00.00,NA,0
Running,2015-04-26 7:52:46,FALSE,Pike's Peek 10k,6.23,782,0:44:10,179,189,NA,NA,NA,7:05,4:57,116,162,0,0,0,0,0,0,0:00,0:00,NA,0:00,No,00:00.00,NA,0
Running,2015-03-28 7:09:36,FALSE,Marine Corps 17.75k,11.16,"1,432",1:27:48,170,193,NA,NA,NA,7:52,4:55,759,741,0,0,0,0,0,0,0:00,0:00,NA,0:00,No,00:00.00,NA,0
Running,2015-01-15 11:56:12,FALSE,Kensington Running,3.83,488,0:33:35,163,179,NA,NA,NA,8:45,4:54,259,196,0,0,0,0,0,0,0:00,0:00,NA,0:00,No,00:00.00,NA,0
Running,2015-01-14 11:53:58,FALSE,Rockville Running,3.26,409,0:35:21,158,197,NA,NA,NA,10:51,6:00,182,172,0,0,0,0,0,0,0:00,0:00,NA,0:00,No,00:00.00,NA,0
Running,2015-01-12 11:50:17,FALSE,Rockville Running,3.22,404,0:33:04,148,176,NA,NA,NA,10:17,5:52,202,177,0,0,0,0,0,0,0:00,0:00,NA,0:00,No,00:00.00,NA,0
Running,2015-01-09 11:53:13,FALSE,Rockville Running,3.5,440,0:29:54,164,179,NA,NA,NA,8:32,5:48,228,214,0,0,0,0,0,0,0:00,0:00,NA,0:00,No,00:00.00,NA,0
Running,2015-01-06 12:07:26,FALSE,Rockville Running,3.46,430,0:36:48,122,178,NA,NA,NA,10:39,6:44,243,218,0,0,0,0,0,0,0:00,0:00,NA,0:00,No,00:00.00,NA,0
Running,2015-01-05 11:45:38,FALSE,Rockville Running,3.76,481,0:29:52,169,181,NA,NA,NA,7:57,3:33,191,189,0,0,0,0,0,0,0:00,0:00,NA,0:00,No,00:00.00,NA,0
Running,2014-12-30 11:46:55,FALSE,Rockville Running,3.28,412,0:28:17,163,186,NA,NA,NA,8:37,5:47,218,178,0,0,0,0,0,0,0:00,0:00,NA,0:00,No,00:00.00,NA,0
Running,2014-12-29 11:44:03,FALSE,Rockville Running,4.45,560,0:39:32,157,179,NA,NA,NA,8:54,3:10,278,248,0,0,0,0,0,0,0:00,0:00,NA,0:00,No,00:00.00,NA,0
Running,2014-12-17 12:19:49,FALSE,Rockville Running,3.14,401,0:25:09,173,184,NA,NA,NA,8:00,4:14,175,143,0,0,0,0,0,0,0:00,0:00,NA,0:00,No,00:00.00,NA,0
Running,2014-11-12 11:40:33,FALSE,Rockville Running,4.41,557,0:41:46,157,223,NA,NA,NA,9:29,4:57,282,257,0,0,0,0,0,0,0:00,0:00,NA,0:00,No,00:00.00,NA,0
Running,2014-11-09 8:32:22,FALSE,Silver Spring Running,10.59,"1,338",1:35:09,165,179,NA,NA,NA,8:59,4:08,354,341,0,0,0,0,0,0,0:00,0:00,NA,0:00,No,00:00.00,NA,0
Running,2014-11-07 11:39:03,FALSE,Rockville Running,4.42,561,0:37:26,172,193,NA,NA,NA,8:28,2:52,299,267,0,0,0,0,0,0,0:00,0:00,NA,0:00,No,00:00.00,NA,0
Running,2014-10-20 11:43:51,FALSE,Rockville Running,3.41,444,0:33:56,149,211,NA,NA,NA,9:57,2:20,187,157,0,0,0,0,0,0,0:00,0:00,NA,0:00,No,00:00.00,NA,0
Running,2014-09-30 12:17:48,FALSE,Rockville Running,3.14,413,0:32:19,158,173,NA,NA,NA,10:17,2:33,233,124,0,0,0,0,0,0,0:00,0:00,NA,0:00,No,00:00.00,NA,0
Running,2014-09-24 11:49:20,FALSE,Rockville Running,3.28,423,0:30:41,155,177,NA,NA,NA,9:21,5:03,174,168,0,0,0,0,0,0,0:00,0:00,NA,0:00,No,00:00.00,NA,0
Running,2014-09-22 11:32:58,FALSE,Rockville Running,3.31,421,0:35:43,146,168,NA,NA,NA,10:46,5:32,171,160,0,0,0,0,0,0,0:00,0:00,NA,0:00,No,00:00.00,NA,0
Running,2014-08-13 18:36:29,FALSE,Knoxville (UT),7.87,986,1:11:12,NA,NA,NA,NA,NA,9:03,3:16,361,317,0,0,0,0,0,0,0:00,0:00,NA,0:00,No,00:00.00,NA,0
Running,2014-07-20 7:50:40,FALSE,Rock Creek Park,5.81,730,0:51:57,NA,NA,NA,NA,NA,8:57,5:57,253,268,0,0,0,0,0,0,0:00,0:00,NA,0:00,No,00:00.00,NA,0
Running,2014-07-11 16:17:32,FALSE,Anna Maria Island,5.71,691,0:52:51,NA,NA,NA,NA,NA,9:15,6:11,NA,3,0,0,0,0,0,0,0:00,0:00,NA,0:00,No,00:00.00,NA,0
Running,2014-06-22 7:40:55,FALSE,North Rock Creek 15-Miler (battery died),9.14,"1,158",1:22:04,NA,NA,NA,NA,NA,8:59,4:18,312,334,0,0,0,0,0,0,0:00,0:00,NA,0:00,No,00:00.00,NA,0
Running,2014-06-01 8:19:13,FALSE,North Rock Creek Run,9.83,"1,239",1:22:57,NA,NA,NA,NA,NA,8:26,4:39,419,431,0,0,0,0,0,0,0:00,0:00,NA,0:00,No,00:00.00,NA,0
Running,2014-04-27 7:56:47,FALSE,Pike's Peek 10k,6.23,781,0:44:24,NA,NA,NA,NA,NA,7:08,4:41,58,210,0,0,0,0,0,0,0:00,0:00,NA,0:00,No,00:00.00,NA,0
Running,2014-04-13 7:48:53,FALSE,Capital Crescent Trail to Tidal Basin,11.04,"1,364",1:39:05,NA,NA,NA,NA,NA,8:59,3:35,159,472,0,0,0,0,0,0,0:00,0:00,NA,0:00,No,00:00.00,NA,0
Running,2014-04-06 7:34:58,FALSE,Cherry Blossom 10-Miler,10.12,"1,275",1:19:02,NA,NA,NA,NA,NA,7:48,2:19,108,109,0,0,0,0,0,0,0:00,0:00,NA,0:00,No,00:00.00,NA,0
Running,2014-03-23 7:50:16,FALSE,Capital Crescent Trail to D.C.,10.95,"1,370",1:35:45,NA,NA,NA,NA,NA,8:45,2:19,139,393,0,0,0,0,0,0,0:00,0:00,NA,0:00,No,00:00.00,NA,0
Running,2014-03-08 14:23:08,FALSE,South Rock Creek Trail Run,7,903,1:09:09,NA,NA,NA,NA,NA,9:53,2:17,312,315,0,0,0,0,0,0,0:00,0:00,NA,0:00,No,00:00.00,NA,0
Running,2013-09-16 12:12:07,FALSE,Tilden Run,3.77,484,0:31:40,NA,NA,NA,NA,NA,8:24,5:18,222,231,0,0,0,0,0,0,0:00,0:00,NA,0:00,No,00:00.00,NA,0
Running,2013-09-11 11:29:08,FALSE,Trolley Trail Run,3.8,471,0:33:55,NA,NA,NA,NA,NA,8:56,5:36,214,204,0,0,0,0,0,0,0:00,0:00,NA,0:00,No,00:00.00,NA,0
Running,2013-09-09 11:55:37,FALSE,Trolley Trail Run,3.76,476,0:29:40,NA,NA,NA,NA,NA,7:53,4:56,188,184,0,0,0,0,0,0,0:00,0:00,NA,0:00,No,00:00.00,NA,0
Running,2013-04-07 7:38:51,FALSE,Cherry Blossom 10-Miler,10.1,"1,260",1:25:14,NA,NA,NA,NA,NA,8:26,4:50,95,89,0,0,0,0,0,0,0:00,0:00,NA,0:00,No,00:00.00,NA,0
Running,2013-02-06 12:31:39,FALSE,Trolley Trail Run,4.26,542,0:35:27,NA,NA,NA,NA,NA,8:19,3:12,718,703,0,0,0,0,0,0,0:00,0:00,NA,0:00,No,00:00.00,NA,0
Running,2013-02-04 12:04:04,FALSE,Tilden Run,3.97,501,0:33:15,NA,NA,NA,NA,NA,8:23,4:59,232,230,0,0,0,0,0,0,0:00,0:00,NA,0:00,No,00:00.00,NA,0
Running,2013-01-31 11:46:44,FALSE,Trolley Trail Run,4.14,512,0:36:44,NA,NA,NA,NA,NA,8:52,4:36,192,203,0,0,0,0,0,0,0:00,0:00,NA,0:00,No,00:00.00,NA,0
Running,2013-01-29 11:42:57,FALSE,Trolley Trail Run,4.07,520,0:34:18,NA,NA,NA,NA,NA,8:26,3:44,185,181,0,0,0,0,0,0,0:00,0:00,NA,0:00,No,00:00.00,NA,0
Running,2013-01-19 16:22:11,FALSE,South Rock Creek Trail Run,6.15,764,0:50:33,NA,NA,NA,NA,NA,8:14,3:50,626,610,0,0,0,0,0,0,0:00,0:00,NA,0:00,No,00:00.00,NA,0
Running,2013-01-12 7:32:11,FALSE,South Rock Creek Trail Run,5.97,754,0:51:57,NA,NA,NA,NA,NA,8:42,2:19,349,358,0,0,0,0,0,0,0:00,0:00,NA,0:00,No,00:00.00,NA,0
Running,2013-01-10 11:53:47,FALSE,Trolley Trail Run,3.37,405,0:31:04,NA,NA,NA,NA,NA,9:13,5:02,905,891,0,0,0,0,0,0,0:00,0:00,NA,0:00,No,00:00.00,NA,0
Running,2013-01-08 12:00:13,FALSE,Trolley Trail Run,3.5,444,0:32:11,NA,NA,NA,NA,NA,9:11,5:42,192,152,0,0,0,0,0,0,0:00,0:00,NA,0:00,No,00:00.00,NA,0
Running,2012-12-05 12:17:30,FALSE,Trolley Trail Run,3.23,410,0:26:55,NA,NA,NA,NA,NA,8:20,5:08,186,112,0,0,0,0,0,0,0:00,0:00,NA,0:00,No,00:00.00,NA,0
Running,2012-12-04 12:21:00,FALSE,Trolley Trail Run,3.6,465,0:34:41,NA,NA,NA,NA,NA,9:38,3:38,225,220,0,0,0,0,0,0,0:00,0:00,NA,0:00,No,00:00.00,NA,0
Running,2012-11-29 12:58:46,FALSE,Trolley Trail Run,3.94,499,0:34:35,NA,NA,NA,NA,NA,8:46,4:12,195,185,0,0,0,0,0,0,0:00,0:00,NA,0:00,No,00:00.00,NA,0
Running,2012-11-13 11:16:52,FALSE,Trolley Trail Run,3.28,413,0:28:23,NA,NA,NA,NA,NA,8:40,3:37,176,160,0,0,0,0,0,0,0:00,0:00,NA,0:00,No,00:00.00,NA,0
Running,2012-11-06 11:44:47,FALSE,Trolley Trail Run,3.83,481,0:31:21,NA,NA,NA,NA,NA,8:11,4:37,184,186,0,0,0,0,0,0,0:00,0:00,NA,0:00,No,00:00.00,NA,0
Running,2012-10-23 12:11:55,FALSE,Trolley Trail Run,3.33,420,0:31:08,NA,NA,NA,NA,NA,9:20,6:29,171,133,0,0,0,0,0,0,0:00,0:00,NA,0:00,No,00:00.00,NA,0
Running,2012-10-22 11:51:35,FALSE,Tilden Run,3.89,488,0:33:56,NA,NA,NA,NA,NA,8:44,5:59,186,193,0,0,0,0,0,0,0:00,0:00,NA,0:00,No,00:00.00,NA,0
Running,2012-10-18 11:26:48,FALSE,Trolley Trail Run,3.26,417,0:31:04,NA,NA,NA,NA,NA,9:32,4:56,170,158,0,0,0,0,0,0,0:00,0:00,NA,0:00,No,00:00.00,NA,0
Running,2012-10-10 12:42:33,FALSE,Trolley Trail Run,3.81,486,0:31:21,NA,NA,NA,NA,NA,8:14,4:32,177,183,0,0,0,0,0,0,0:00,0:00,NA,0:00,No,00:00.00,NA,0
Running,2012-10-05 12:13:40,FALSE,Trolley Trail Run,3.74,466,0:37:58,NA,NA,NA,NA,NA,10:09,5:31,213,207,0,0,0,0,0,0,0:00,0:00,NA,0:00,No,00:00.00,NA,0
Running,2012-10-01 12:01:45,FALSE,Trolley Trail Run,3.81,480,0:32:59,NA,NA,NA,NA,NA,8:39,2:18,203,203,0,0,0,0,0,0,0:00,0:00,NA,0:00,No,00:00.00,NA,0
Running,2012-09-27 11:55:06,FALSE,Tilden Run,3.85,490,0:34:50,NA,NA,NA,NA,NA,9:03,3:21,234,239,0,0,0,0,0,0,0:00,0:00,NA,0:00,No,00:00.00,NA,0
Running,2012-09-25 12:09:25,FALSE,Tilden Run,3.91,496,0:33:50,NA,NA,NA,NA,NA,8:40,3:58,274,283,0,0,0,0,0,0,0:00,0:00,NA,0:00,No,00:00.00,NA,0
Running,2012-09-24 11:50:37,FALSE,Trolley Trail Run,3.78,477,0:32:38,NA,NA,NA,NA,NA,8:38,5:21,231,240,0,0,0,0,0,0,0:00,0:00,NA,0:00,No,00:00.00,NA,0
Running,2012-09-19 12:21:28,FALSE,Trolley Trail Run,3.83,481,0:33:18,NA,NA,NA,NA,NA,8:42,6:09,206,204,0,0,0,0,0,0,0:00,0:00,NA,0:00,No,00:00.00,NA,0
Running,2012-09-17 12:27:16,FALSE,Trolley Trail Run,3.82,486,0:32:22,166,185,NA,NA,NA,8:28,5:17,202,202,0,0,0,0,0,0,0:00,0:00,NA,0:00,No,00:00.00,NA,0
Running,2012-09-14 16:48:52,FALSE,Trolley Trail Run,3.85,486,0:32:15,161,177,NA,NA,NA,8:22,6:41,NA,NA,0,0,0,0,0,0,0:00,0:00,NA,0:00,No,00:00.00,NA,0
Running,2012-09-12 15:41:12,FALSE,Trolley Trail Run,3.8,482,0:32:39,159,175,NA,NA,NA,8:36,5:30,NA,NA,0,0,0,0,0,0,0:00,0:00,NA,0:00,No,00:00.00,NA,0
Running,2012-06-27 11:16:22,FALSE,Bethesda Trolley Trail Run ,3.59,447,0:41:20,NA,NA,NA,NA,NA,11:32,5:24,620,647,0,0,0,0,0,0,0:00,0:00,NA,0:00,No,00:00.00,NA,0
Running,2012-06-26 11:29:05,FALSE,Bethesda Trolley Trail Run ,3.84,494,0:35:39,154,154,NA,NA,NA,9:17,2:07,221,216,0,0,0,0,0,0,0:00,0:00,NA,0:00,No,00:00.00,NA,0
Running,2012-06-22 11:28:43,FALSE,Bethesda Trolley Trail Run ,3.62,460,0:33:55,NA,NA,NA,NA,NA,9:23,2:20,661,743,0,0,0,0,0,0,0:00,0:00,NA,0:00,No,00:00.00,NA,0
Running,2012-06-18 11:34:05,FALSE,Bethesda Trolley Trail Run ,3.84,485,0:32:59,NA,NA,NA,NA,NA,8:35,5:58,479,464,0,0,0,0,0,0,0:00,0:00,NA,0:00,No,00:00.00,NA,0
Running,2012-06-08 11:30:40,FALSE,Bethesda Trolley Trail Run ,3.85,475,0:31:55,146,146,NA,NA,NA,8:17,1:06,175,175,0,0,0,0,0,0,0:00,0:00,NA,0:00,No,00:00.00,NA,0
Running,2012-06-06 11:22:35,FALSE,Bethesda Trolley Trail Run ,3.83,494,0:33:33,NA,NA,NA,NA,NA,8:46,4:02,405,396,0,0,0,0,0,0,0:00,0:00,NA,0:00,No,00:00.00,NA,0
Running,2012-04-24 12:19:37,FALSE,Bethesda Trolley Trail Run ,3.19,416,0:28:17,NA,NA,NA,NA,NA,8:52,4:32,820,848,0,0,0,0,0,0,0:00,0:00,NA,0:00,No,00:00.00,NA,0
Running,2012-04-01 7:33:30,FALSE,Cherry Blossom 10-Miler 2012,10.09,"1,273",1:25:30,NA,NA,NA,NA,NA,8:28,4:46,514,519,0,0,0,0,0,0,0:00,0:00,NA,0:00,No,00:00.00,NA,0
Running,2012-03-29 12:34:20,FALSE,Bethesda Trolley Trail Run ,3.59,457,0:30:19,NA,NA,NA,NA,NA,8:27,2:51,443,345,0,0,0,0,0,0,0:00,0:00,NA,0:00,No,00:00.00,NA,0
Running,2012-03-26 12:08:11,FALSE,Bethesda Trolley Trail Run ,3.26,413,0:28:38,NA,NA,NA,NA,NA,8:48,5:13,184,171,0,0,0,0,0,0,0:00,0:00,NA,0:00,No,00:00.00,NA,0
Running,2012-03-14 12:21:30,FALSE,Bethesda Trolley Trail Run ,3.81,480,0:33:46,NA,NA,NA,NA,NA,8:51,5:15,208,202,0,0,0,0,0,0,0:00,0:00,NA,0:00,No,00:00.00,NA,0
Running,2012-03-13 12:17:25,FALSE,Bethesda Trolley Trail Run ,3.78,485,0:32:57,NA,NA,NA,NA,NA,8:43,3:14,910,866,0,0,0,0,0,0,0:00,0:00,NA,0:00,No,00:00.00,NA,0
Running,2012-03-12 12:22:13,FALSE,Bethesda Trolley Trail Run ,3.77,491,0:33:09,NA,NA,NA,NA,NA,8:47,4:05,820,"1,167",0,0,0,0,0,0,0:00,0:00,NA,0:00,No,00:00.00,NA,0
Running,2011-12-28 12:24:05,FALSE,Bethesda Trolley Trail Run ,3.19,406,0:31:05,NA,NA,NA,NA,NA,9:45,4:55,386,372,0,0,0,0,0,0,0:00,0:00,NA,0:00,No,00:00.00,NA,0
Running,2011-12-22 11:54:22,FALSE,Bethesda Trolley Trail Run ,3.82,490,0:35:05,NA,NA,NA,NA,NA,9:12,3:10,593,585,0,0,0,0,0,0,0:00,0:00,NA,0:00,No,00:00.00,NA,0
Running,2011-12-16 12:17:40,FALSE,Tilden Run,3.88,501,0:35:14,NA,NA,NA,NA,NA,9:04,5:10,290,367,0,0,0,0,0,0,0:00,0:00,NA,0:00,No,00:00.00,NA,0
Running,2011-10-17 12:14:59,FALSE,Bethesda Trolley Trail Run ,3.68,471,0:30:18,NA,NA,NA,NA,NA,8:14,4:51,569,618,0,0,0,0,0,0,0:00,0:00,NA,0:00,No,00:00.00,NA,0
Running,2011-10-09 8:10:38,FALSE,Army 10-Miler 2011,10.08,"1,273",1:18:58,NA,NA,NA,NA,NA,7:50,4:16,722,714,0,0,0,0,0,0,0:00,0:00,NA,0:00,No,00:00.00,NA,0
Running,2011-09-27 11:59:00,FALSE,Bethesda Trolley Trail Run ,3.32,414,0:37:44,NA,NA,NA,NA,NA,11:22,6:07,"1,074",975,0,0,0,0,0,0,0:00,0:00,NA,0:00,No,00:00.00,NA,0
Running,2011-09-21 17:09:31,FALSE,Edinburgh Botanic Garden Run,5.34,671,0:54:49,NA,NA,NA,NA,NA,10:15,4:57,"1,034","1,058",0,0,0,0,0,0,0:00,0:00,NA,0:00,No,00:00.00,NA,0
Running,2011-09-20 18:51:36,FALSE,Holyrood Park Run,5.39,660,0:59:40,NA,NA,NA,NA,NA,11:04,4:47,746,763,0,0,0,0,0,0,0:00,0:00,NA,0:00,No,00:00.00,NA,0
Running,2011-09-16 13:02:21,FALSE,Tilden Run,3.43,437,0:29:02,NA,NA,NA,NA,NA,8:28,2:05,290,229,0,0,0,0,0,0,0:00,0:00,NA,0:00,No,00:00.00,NA,0
Running,2011-09-12 11:22:02,FALSE,Bethesda Trolley Trail Run ,3.7,464,0:40:19,135,154,NA,NA,NA,10:53,7:11,367,300,0,0,0,0,0,0,0:00,0:00,NA,0:00,No,00:00.00,NA,0
Running,2011-09-10 8:51:31,FALSE,CCT to D.C.,14.27,"1,820",2:32:18,158,179,NA,NA,NA,10:40,4:11,"1,498","1,784",0,0,0,0,0,0,0:00,0:00,NA,0:00,No,00:00.00,NA,0
Running,2011-09-09 12:42:02,FALSE,Tilden Run,3.13,398,0:27:57,173,186,NA,NA,NA,8:55,5:42,328,315,0,0,0,0,0,0,0:00,0:00,NA,0:00,No,00:00.00,NA,0
Running,2011-08-31 12:21:07,FALSE,Bethesda Trolley Trail Run ,3.34,425,0:26:37,171,192,NA,NA,NA,7:59,5:21,366,344,0,0,0,0,0,0,0:00,0:00,NA,0:00,No,00:00.00,NA,0
Running,2011-08-26 12:25:57,FALSE,Bethesda Trolley Trail Run ,3.11,399,0:27:04,174,191,NA,NA,NA,8:42,4:21,308,237,0,0,0,0,0,0,0:00,0:00,NA,0:00,No,00:00.00,NA,0
Running,2011-08-22 12:14:09,FALSE,Bethesda Trolley Trail Run,3.99,508,0:40:36,155,171,NA,NA,NA,10:10,4:13,516,536,0,0,0,0,0,0,0:00,0:00,NA,0:00,No,00:00.00,NA,0
Running,2011-08-20 7:06:30,FALSE,Rock Creek Park,9.98,"1,289",1:39:52,152,171,NA,NA,NA,10:00,4:06,"1,216","1,419",0,0,0,0,0,0,0:00,0:00,NA,0:00,No,00:00.00,NA,0
Running,2011-08-18 11:49:11,FALSE,Bethesda Trolley Trail Run,3.83,484,0:35:38,152,173,NA,NA,NA,9:18,4:16,517,443,0,0,0,0,0,0,0:00,0:00,NA,0:00,No,00:00.00,NA,0
Running,2011-07-27 12:22:01,FALSE,Untitled,5.92,525,3:00:33,125,176,NA,NA,NA,30:30:00,6:55,NA,NA,0,0,0,0,0,0,0:00,0:00,NA,0:00,No,00:00.00,NA,0
Running,2011-06-15 18:09:32,FALSE,Bethesda Trolley Trail,3.62,455,0:40:37,139,159,NA,NA,NA,11:13,7:02,179,183,0,0,0,0,0,0,0:00,0:00,NA,0:00,No,00:00.00,NA,0
Running,2011-06-08 18:14:31,FALSE,Tilden Run,3.24,393,0:38:31,140,164,NA,NA,NA,11:53,7:08,211,224,0,0,0,0,0,0,0:00,0:00,NA,0:00,No,00:00.00,NA,0
Running,2011-06-08 12:14:26,FALSE,Bethesda Trolley Trail,3.76,479,0:34:03,148,172,NA,NA,NA,9:04,2:50,177,184,0,0,0,0,0,0,0:00,0:00,NA,0:00,No,00:00.00,NA,0
Running,2011-06-03 12:41:49,FALSE,Bethesda Trolley Trail,3.84,488,0:31:04,162,177,NA,NA,NA,8:06,2:59,199,198,0,0,0,0,0,0,0:00,0:00,NA,0:00,No,00:00.00,NA,0
Running,2011-05-27 12:16:45,FALSE,Bethesda Trolley Trail,3.31,417,0:27:51,162,180,NA,NA,NA,8:25,6:01,171,158,0,0,0,0,0,0,0:00,0:00,NA,0:00,No,00:00.00,NA,0
Running,2011-05-20 12:14:25,FALSE,Bethesda Trolley Trail,3.8,483,0:31:09,167,184,NA,NA,NA,8:12,6:20,189,196,0,0,0,0,0,0,0:00,0:00,NA,0:00,No,00:00.00,NA,0
Running,2011-05-05 12:28:29,FALSE,Bethesda Trolley Trail,3.37,429,0:28:28,153,170,NA,NA,NA,8:28,5:18,173,167,0,0,0,0,0,0,0:00,0:00,NA,0:00,No,00:00.00,NA,0
Running,2011-05-02 12:13:54,FALSE,Bethesda Trolley Trail,3.55,452,0:28:15,171,188,NA,NA,NA,7:58,5:13,201,195,0,0,0,0,0,0,0:00,0:00,NA,0:00,No,00:00.00,NA,0
Trail Running,2011-04-26 18:42:01,FALSE,Armijo Trail,5.31,601,1:12:23,145,169,NA,NA,NA,13:38,6:01,960,953,0,0,0,0,0,0,0:00,0:00,NA,0:00,No,00:00.00,NA,0
Running,2011-04-15 12:24:32,FALSE,Bethesda Trolley Trail,3.08,393,0:25:17,166,178,NA,NA,NA,8:13,4:21,175,130,0,0,0,0,0,0,0:00,0:00,NA,0:00,No,00:00.00,NA,0
Running,2011-04-13 12:09:15,FALSE,Bethesda Trolley Trail,3.83,488,0:31:52,159,180,NA,NA,NA,8:20,5:25,205,207,0,0,0,0,0,0,0:00,0:00,NA,0:00,No,00:00.00,NA,0
Running,2011-04-08 12:16:45,FALSE,Bethesda Trolley Trail,3.82,481,0:34:49,156,175,NA,NA,NA,9:07,6:38,182,189,0,0,0,0,0,0,0:00,0:00,NA,0:00,No,00:00.00,NA,0
Running,2011-03-25 12:17:02,FALSE,Bethesda Trolley Trail,3.48,443,0:30:53,153,171,NA,NA,NA,8:52,6:34,178,152,0,0,0,0,0,0,0:00,0:00,NA,0:00,No,00:00.00,NA,0
Running,2011-03-21 12:20:35,FALSE,Bethesda Trolley Trail,3.65,470,0:32:00,159,178,NA,NA,NA,8:46,4:13,205,200,0,0,0,0,0,0,0:00,0:00,NA,0:00,No,00:00.00,NA,0
Running,2011-03-18 12:16:44,FALSE,Bethesda Trolley Trail,3.88,491,0:33:02,162,185,NA,NA,NA,8:31,5:38,201,207,0,0,0,0,0,0,0:00,0:00,NA,0:00,No,00:00.00,NA,0
Running,2011-03-11 12:14:45,FALSE,Bethesda Trolley Trail,3.5,446,0:31:41,153,181,NA,NA,NA,9:03,6:10,193,176,0,0,0,0,0,0,0:00,0:00,NA,0:00,No,00:00.00,NA,0
Running,2011-03-09 12:11:40,FALSE,Bethesda Trolley Trail,3.8,488,0:32:40,173,188,NA,NA,NA,8:36,5:11,173,177,0,0,0,0,0,0,0:00,0:00,NA,0:00,No,00:00.00,NA,0
Running,2011-02-16 12:14:19,FALSE,Bethesda Trolley Trail,3.82,480,0:32:24,167,194,NA,NA,NA,8:30,5:30,205,201,0,0,0,0,0,0,0:00,0:00,NA,0:00,No,00:00.00,NA,0
Running,2011-02-14 12:13:42,FALSE,Bethesda Trolley Trail,3.66,463,0:32:40,164,187,NA,NA,NA,8:55,5:59,186,177,0,0,0,0,0,0,0:00,0:00,NA,0:00,No,00:00.00,NA,0
Running,2011-01-24 10:54:11,FALSE,Bethesda Trolley Trail,3.82,486,0:36:33,147,170,NA,NA,NA,9:34,4:53,197,203,0,0,0,0,0,0,0:00,0:00,NA,0:00,No,00:00.00,NA,0
Running,2011-01-19 11:47:07,FALSE,Bethesda Trolley Trail,3.74,482,0:33:50,155,179,NA,NA,NA,9:03,3:14,190,185,0,0,0,0,0,0,0:00,0:00,NA,0:00,No,00:00.00,NA,0
Running,2011-01-17 9:41:57,FALSE,Rock Creek Trail,4.59,585,0:47:16,144,159,NA,NA,NA,10:18,6:55,54,123,0,0,0,0,0,0,0:00,0:00,NA,0:00,No,00:00.00,NA,0
Running,2011-01-07 10:51:38,FALSE,Bethesda Trolley Trail,3.82,485,0:32:10,156,176,NA,NA,NA,8:25,4:11,187,184,0,0,0,0,0,0,0:00,0:00,NA,0:00,No,00:00.00,NA,0
Running,2011-01-03 12:04:18,FALSE,Bethesda Trolley Trail,3.94,496,0:37:40,149,170,NA,NA,NA,9:34,5:27,231,229,0,0,0,0,0,0,0:00,0:00,NA,0:00,No,00:00.00,NA,0
Running,2011-01-01 10:49:59,FALSE,Rock Creek Trail,4.56,578,0:39:33,166,184,NA,NA,NA,8:40,5:28,51,105,0,0,0,0,0,0,0:00,0:00,NA,0:00,No,00:00.00,NA,0
Running,2010-12-04 15:06:10,FALSE,CCT,5,634,0:43:13,150,170,NA,NA,NA,8:38,6:50,181,183,0,0,0,0,0,0,0:00,0:00,NA,0:00,No,00:00.00,NA,0
Running,2010-11-28 15:56:06,FALSE,CCT,6.3,773,0:53:04,155,176,NA,NA,NA,8:25,0:08,200,223,0,0,0,0,0,0,0:00,0:00,NA,0:00,No,00:00.00,NA,0
Running,2010-11-21 16:26:41,FALSE,CCT,6.31,781,0:51:11,160,181,NA,NA,NA,8:07,0:23,201,213,0,0,0,0,0,0,0:00,0:00,NA,0:00,No,00:00.00,NA,0
Running,2010-11-11 15:07:55,FALSE,Rock Creek Trail,4.75,591,0:41:05,156,174,NA,NA,NA,8:39,4:26,98,70,0,0,0,0,0,0,0:00,0:00,NA,0:00,No,00:00.00,NA,0
Running,2010-10-31 8:03:23,FALSE,35th Marine Corps Marathon,26.56,"3,344",3:58:17,158,182,NA,NA,NA,8:58,4:02,"1,320","1,267",0,0,0,0,0,0,0:00,0:00,NA,0:00,No,00:00.00,NA,0
Running,2010-10-30 8:02:04,FALSE,CCT,3.01,386,0:29:52,134,154,NA,NA,NA,9:55,7:08,90,95,0,0,0,0,0,0,0:00,0:00,NA,0:00,No,00:00.00,NA,0
Running,2010-10-26 17:22:38,FALSE,CCT,5.01,633,0:43:04,153,170,NA,NA,NA,8:36,6:45,172,183,0,0,0,0,0,0,0:00,0:00,NA,0:00,No,00:00.00,NA,0
Running,2010-10-24 9:08:08,FALSE,CCT to Rock Creek Park,11.86,"1,468",1:35:08,168,177,NA,NA,NA,8:01,4:09,297,455,0,0,0,0,0,0,0:00,0:00,NA,0:00,No,00:00.00,NA,0
Running,2010-10-23 9:34:21,FALSE,CCT,5,642,0:44:54,153,173,NA,NA,NA,8:59,5:35,154,178,0,0,0,0,0,0,0:00,0:00,NA,0:00,No,00:00.00,NA,0
Running,2010-10-20 17:35:23,FALSE,Rock Creek Loop,6,697,0:48:49,151,175,NA,NA,NA,8:08,3:13,265,270,0,0,0,0,0,0,0:00,0:00,NA,0:00,No,00:00.00,NA,0
Running,2010-10-19 17:22:30,FALSE,CCT 5 mi,5.01,630,0:45:06,145,161,NA,NA,NA,9:00,7:29,161,186,0,0,0,0,0,0,0:00,0:00,NA,0:00,No,00:00.00,NA,0
Running,2010-10-18 17:17:35,FALSE,CCT (N & S),12.48,"1,517",1:52:40,146,163,NA,NA,NA,9:02,0:26,497,508,0,0,0,0,0,0,0:00,0:00,NA,0:00,No,00:00.00,NA,0
Running,2010-10-13 16:13:01,FALSE,Run to Proffitt's House,5.41,657,0:47:53,157,176,NA,NA,NA,8:51,5:35,281,299,0,0,0,0,0,0,0:00,0:00,NA,0:00,No,00:00.00,NA,0
Running,2010-10-11 10:31:51,FALSE,Loooong Run,19.34,"2,433",3:02:01,160,179,NA,NA,NA,9:25,0:20,411,433,0,0,0,0,0,0,0:00,0:00,NA,0:00,No,00:00.00,NA,0
Running,2010-10-07 17:54:46,FALSE,CCT (N & S),10,"1,223",1:25:04,156,170,NA,NA,NA,8:30,4:17,402,405,0,0,0,0,0,0,0:00,0:00,NA,0:00,No,00:00.00,NA,0
Running,2010-10-06 18:29:26,FALSE,CCT (North),5.07,590,0:41:30,157,170,NA,NA,NA,8:11,2:58,223,227,0,0,0,0,0,0,0:00,0:00,NA,0:00,No,00:00.00,NA,0
Running,2010-10-05 18:14:07,FALSE,CCT (South),5,630,0:43:43,147,164,NA,NA,NA,8:44,7:02,168,187,0,0,0,0,0,0,0:00,0:00,NA,0:00,No,00:00.00,NA,0
Running,2010-10-03 13:29:33,FALSE,Long Run to Mall,15,"1,876",2:15:27,145,160,NA,NA,NA,9:02,4:12,119,410,0,0,0,0,0,0,0:00,0:00,NA,0:00,No,00:00.00,NA,0
Running,2010-09-30 18:26:36,FALSE,CCT (North),5.04,587,0:44:57,153,168,NA,NA,NA,8:55,3:43,256,259,0,0,0,0,0,0,0:00,0:00,NA,0:00,No,00:00.00,NA,0
Running,2010-09-29 17:50:01,FALSE,Long Run Around AU and on CCT,9.01,"1,136",1:20:52,151,172,NA,NA,NA,8:59,4:31,423,455,0,0,0,0,0,0,0:00,0:00,NA,0:00,No,00:00.00,NA,0
Running,2010-09-28 18:34:04,FALSE,CCT (South),7.01,858,0:59:13,154,169,NA,NA,NA,8:27,0:34,248,250,0,0,0,0,0,0,0:00,0:00,NA,0:00,No,00:00.00,NA,0
Running,2010-09-25 7:12:04,FALSE,CCT (South),4,480,0:37:35,150,168,NA,NA,NA,9:23,6:52,143,145,0,0,0,0,0,0,0:00,0:00,NA,0:00,No,00:00.00,NA,0
Running,2010-09-24 17:35:57,FALSE,Rock Creek Park Run w/ Diego,9.84,"1,251",1:31:06,169,186,NA,NA,NA,9:15,4:44,331,371,0,0,0,0,0,0,0:00,0:00,NA,0:00,No,00:00.00,NA,0
Running,2010-09-22 18:18:28,FALSE,CCT (North),4.73,580,0:46:41,148,173,NA,NA,NA,9:52,4:15,210,164,0,0,0,0,0,0,0:00,0:00,NA,0:00,No,00:00.00,NA,0
Running,2010-09-21 22:39:46,FALSE,Untitled,6.91,864,0:59:52,149,171,NA,NA,NA,8:40,5:52,NA,NA,0,0,0,0,0,0,0:00,0:00,NA,0:00,No,00:00.00,NA,0
Running,2010-09-16 22:12:18,FALSE,Untitled,9.26,"1,172",1:25:24,154,171,NA,NA,NA,9:13,5:13,NA,NA,0,0,0,0,0,0,0:00,0:00,NA,0:00,No,00:00.00,NA,0
Running,2010-09-13 21:36:40,FALSE,Untitled,6.76,856,0:55:38,171,185,NA,NA,NA,8:14,5:02,NA,NA,0,0,0,0,0,0,0:00,0:00,NA,0:00,No,00:00.00,NA,0
Street Running,2010-09-10 16:45:07,FALSE,Running on the Seine,8.69,"1,084",1:27:51,146,166,NA,NA,NA,10:06,2:51,475,467,0,0,0,0,0,0,0:00,0:00,NA,0:00,No,00:00.00,NA,0
Street Running,2010-09-09 18:52:27,FALSE,Central Paris 10.5 Miler,10.57,"1,330",1:58:59,145,180,NA,NA,NA,11:15,3:41,"3,200","3,167",0,0,0,0,0,0,0:00,0:00,NA,0:00,No,00:00.00,NA,0
Street Running,2010-09-05 18:31:00,FALSE,Central Paris 7.5 Miler,7.45,914,1:18:27,148,170,NA,NA,NA,10:31,4:47,"1,383","1,307",0,0,0,0,0,0,0:00,0:00,NA,0:00,No,00:00.00,NA,0
Street Running,2010-09-02 19:17:36,FALSE,Running Club Cedar Rd Run,5.31,683,0:52:57,156,173,NA,NA,NA,9:58,3:15,229,222,0,0,0,0,0,0,0:00,0:00,NA,0:00,No,00:00.00,NA,0
Running,2010-08-31 19:02:15,FALSE,CCT 5 mi,5,639,0:45:33,147,172,NA,NA,NA,9:06,5:34,178,202,0,0,0,0,0,0,0:00,0:00,NA,0:00,No,00:00.00,NA,0
Running,2010-08-29 18:12:59,FALSE,My 1st 17 Miler!,17.09,"2,121",2:41:48,151,162,NA,NA,NA,9:28,0:20,370,672,0,0,0,0,0,0,0:00,0:00,NA,0:00,No,00:00.00,NA,0
Running,2010-08-27 18:57:16,FALSE,CCT 5 Mile,5,643,0:45:47,144,163,NA,NA,NA,9:09,6:39,182,184,0,0,0,0,0,0,0:00,0:00,NA,0:00,No,00:00.00,NA,0
Running,2010-08-26 19:21:32,FALSE,NIH Hill Run,5.14,653,0:44:56,157,172,NA,NA,NA,8:44,4:27,220,203,0,0,0,0,0,0,0:00,0:00,NA,0:00,No,00:00.00,NA,0
Running,2010-08-25 18:38:19,FALSE,NIH Hills,7.6,961,1:08:30,159,176,NA,NA,NA,9:01,4:42,341,342,0,0,0,0,0,0,0:00,0:00,NA,0:00,No,00:00.00,NA,0
Running,2010-08-22 11:38:21,FALSE,Long Run on CCT to National Mall,14,"1,696",2:11:12,155,170,NA,NA,NA,9:22,0:18,273,590,0,0,0,0,0,0,0:00,0:00,NA,0:00,No,00:00.00,NA,0
Running,2010-08-21 14:56:43,FALSE,North on CCT 6 mi,6.11,730,0:56:46,147,162,NA,NA,NA,9:17,1:42,276,275,0,0,0,0,0,0,0:00,0:00,NA,0:00,No,00:00.00,NA,0
Running,2010-08-19 19:20:23,FALSE,CCT Running Club,6.21,757,0:50:22,168,184,NA,NA,NA,8:07,2:49,197,221,0,0,0,0,0,0,0:00,0:00,NA,0:00,No,00:00.00,NA,0
Running,2010-08-17 18:08:32,FALSE,CCT 5 mi Sub-MP ,5,646,0:43:35,158,177,NA,NA,NA,8:43,5:36,155,178,0,0,0,0,0,0,0:00,0:00,NA,0:00,No,00:00.00,NA,0
Running,2010-08-15 14:42:59,FALSE,Long Run to Mall,13,"1,629",1:58:03,154,167,NA,NA,NA,9:05,4:49,109,402,0,0,0,0,0,0,0:00,0:00,NA,0:00,No,00:00.00,NA,0
Running,2010-08-14 17:44:17,FALSE,CCT Easy 4 mi,4,514,0:38:43,143,164,NA,NA,NA,9:41,6:02,128,146,0,0,0,0,0,0,0:00,0:00,NA,0:00,No,00:00.00,NA,0
Running,2010-08-13 18:05:45,FALSE,CCT Fast 4 mi,4,506,0:34:05,155,181,NA,NA,NA,8:31,6:26,149,161,0,0,0,0,0,0,0:00,0:00,NA,0:00,No,00:00.00,NA,0
Running,2010-08-11 17:56:18,FALSE,American University Run,7,884,1:03:44,170,184,NA,NA,NA,9:06,3:42,288,332,0,0,0,0,0,0,0:00,0:00,NA,0:00,No,00:00.00,NA,0
Running,2010-08-09 18:50:09,FALSE,CCT 6 mi MP,6.15,754,0:56:07,148,166,NA,NA,NA,9:08,2:07,180,196,0,0,0,0,0,0,0:00,0:00,NA,0:00,No,00:00.00,NA,0
Running,2010-08-05 19:21:57,FALSE,CCT 6 mi MP,6.03,750,0:52:04,164,182,NA,NA,NA,8:38,1:40,223,238,0,0,0,0,0,0,0:00,0:00,NA,0:00,No,00:00.00,NA,0
Running,2010-08-03 18:51:39,FALSE,CCT 4 mi Recovery,4,517,0:37:52,151,166,NA,NA,NA,9:28,2:22,144,161,0,0,0,0,0,0,0:00,0:00,NA,0:00,No,00:00.00,NA,0
Running,2010-08-01 17:35:07,FALSE,Long Run to Mall,12,"1,506",1:49:45,148,162,NA,NA,NA,9:09,0:22,101,389,0,0,0,0,0,0,0:00,0:00,NA,0:00,No,00:00.00,NA,0
Running,2010-07-31 16:12:14,FALSE,CCT 5 mi MP,5,639,0:45:09,153,171,NA,NA,NA,9:01,6:15,140,163,0,0,0,0,0,0,0:00,0:00,NA,0:00,No,00:00.00,NA,0
Running,2010-07-30 18:40:45,FALSE,CCT 5 mi MP,5,641,0:41:33,163,180,NA,NA,NA,8:18,5:57,165,168,0,0,0,0,0,0,0:00,0:00,NA,0:00,No,00:00.00,NA,0
Running,2010-07-28 19:00:06,FALSE,Georgetown Branch + Hills,5.93,738,0:54:46,156,177,NA,NA,NA,9:14,5:42,282,297,0,0,0,0,0,0,0:00,0:00,NA,0:00,No,00:00.00,NA,0
Running,2010-07-27 18:47:34,FALSE,CCT 3 mi Recovery,3,389,0:28:50,147,163,NA,NA,NA,9:36,6:54,84,101,0,0,0,0,0,0,0:00,0:00,NA,0:00,No,00:00.00,NA,0
Running,2010-07-26 18:35:39,FALSE,CCT 5 mi MP,5,637,0:45:26,157,177,NA,NA,NA,9:05,6:57,182,185,0,0,0,0,0,0,0:00,0:00,NA,0:00,No,00:00.00,NA,0
Running,2010-07-25 17:25:23,FALSE,Washington Monument Run,10.44,"1,312",1:35:18,160,180,NA,NA,NA,9:08,0:34,62,361,0,0,0,0,0,0,0:00,0:00,NA,0:00,No,00:00.00,NA,0
Running,2010-07-22 17:14:08,FALSE,NIH Loop (Hill),4.43,555,0:39:21,167,181,NA,NA,NA,8:53,6:23,139,152,0,0,0,0,0,0,0:00,0:00,NA,0:00,No,00:00.00,NA,0
Running,2010-07-20 19:01:46,FALSE,CCT 4 mi Easy,4,514,0:38:32,157,175,NA,NA,NA,9:38,6:20,151,168,0,0,0,0,0,0,0:00,0:00,NA,0:00,No,00:00.00,NA,0
Running,2010-07-18 16:52:08,FALSE,Long Run to White House,9.06,"1,156",1:23:42,159,181,NA,NA,NA,9:14,0:12,107,374,0,0,0,0,0,0,0:00,0:00,NA,0:00,No,00:00.00,NA,0
Running,2010-07-15 19:20:47,FALSE,CCT Running Club,6.09,766,0:52:50,169,189,NA,NA,NA,8:40,1:03,187,205,0,0,0,0,0,0,0:00,0:00,NA,0:00,No,00:00.00,NA,0
Running,2010-07-14 19:00:54,FALSE,NIH Short Hill,4.43,560,0:38:52,167,178,NA,NA,NA,8:46,3:24,138,141,0,0,0,0,0,0,0:00,0:00,NA,0:00,No,00:00.00,NA,0
Running,2010-07-13 17:14:26,FALSE,Recovery,4,511,0:37:20,154,174,NA,NA,NA,9:20,5:56,123,140,0,0,0,0,0,0,0:00,0:00,NA,0:00,No,00:00.00,NA,0
Running,2010-07-11 17:42:53,FALSE,Long Run to White House,9.11,"1,156",1:27:42,153,175,NA,NA,NA,9:38,0:55,102,369,0,0,0,0,0,0,0:00,0:00,NA,0:00,No,00:00.00,NA,0
Running,2010-07-10 18:44:11,FALSE,Recovery,4,508,0:36:05,155,171,NA,NA,NA,9:01,6:40,147,169,0,0,0,0,0,0,0:00,0:00,NA,0:00,No,00:00.00,NA,0
Running,2010-07-08 19:21:17,FALSE,CCT Running Club,6.3,776,0:55:20,168,190,NA,NA,NA,8:47,0:32,251,273,0,0,0,0,0,0,0:00,0:00,NA,0:00,No,00:00.00,NA,0
Running,2010-07-06 18:24:46,FALSE,Recovery,4,512,0:39:01,159,177,NA,NA,NA,9:45,7:15,155,163,0,0,0,0,0,0,0:00,0:00,NA,0:00,No,00:00.00,NA,0
Running,2010-07-01 17:33:22,FALSE,Cedar Rd Hills,5.48,693,0:48:27,171,184,NA,NA,NA,8:50,6:27,412,397,0,0,0,0,0,0,0:00,0:00,NA,0:00,No,00:00.00,NA,0
Running,2010-06-29 18:16:03,FALSE,Recovery,4,517,0:40:14,152,169,NA,NA,NA,10:03,6:17,133,140,0,0,0,0,0,0,0:00,0:00,NA,0:00,No,00:00.00,NA,0
Running,2010-06-27 19:23:10,FALSE,Long Run to White House,9.28,"1,174",1:23:01,170,182,NA,NA,NA,8:57,0:13,152,417,0,0,0,0,0,0,0:00,0:00,NA,0:00,No,00:00.00,NA,0
Running,2010-06-23 16:27:35,FALSE,CCT,6.01,716,0:56:54,173,187,NA,NA,NA,9:28,1:32,199,225,0,0,0,0,0,0,0:00,0:00,NA,0:00,No,00:00.00,NA,0
Running,2010-06-10 19:21:08,FALSE,CCT Running Club,6.25,772,0:58:59,163,186,NA,NA,NA,9:26,1:02,214,230,0,0,0,0,0,0,0:00,0:00,NA,0:00,No,00:00.00,NA,0
Running,2010-05-21 18:17:24,FALSE,CCT,6.34,771,0:55:48,168,188,NA,NA,NA,8:48,0:34,231,249,0,0,0,0,0,0,0:00,0:00,NA,0:00,No,00:00.00,NA,0
Street Running,2010-05-14 18:26:09,FALSE,Boston Run (+1.5 mi),6.2,785,0:57:43,NA,NA,NA,NA,NA,9:18,5:34,76,75,0,0,0,0,0,0,0:00,0:00,NA,0:00,No,00:00.00,NA,0
Street Running,2010-05-10 19:12:41,FALSE,NIH Loop,4.77,605,0:42:15,169,182,NA,NA,NA,8:52,4:28,172,158,0,0,0,0,0,0,0:00,0:00,NA,0:00,No,00:00.00,NA,0
Street Running,2010-04-30 18:05:18,FALSE,Carrollwood Run,5.67,688,0:52:15,174,188,NA,NA,NA,9:13,6:28,9,15,0,0,0,0,0,0,0:00,0:00,NA,0:00,No,00:00.00,NA,0
Running,2010-04-27 18:14:41,FALSE,Capital Crescent Trail,6.29,788,0:52:05,173,185,NA,NA,NA,8:17,4:36,200,208,0,0,0,0,0,0,0:00,0:00,NA,0:00,No,00:00.00,NA,0
Running,2010-04-21 17:46:01,FALSE,Capital Crescent Trail,6.31,787,0:51:13,172,183,NA,NA,NA,8:07,1:59,257,268,0,0,0,0,0,0,0:00,0:00,NA,0:00,No,00:00.00,NA,0
Street Running,2010-04-11 16:16:34,FALSE,American University Run,6.9,873,1:00:27,169,181,NA,NA,NA,8:46,4:19,292,331,0,0,0,0,0,0,0:00,0:00,NA,0:00,No,00:00.00,NA,0
Street Running,2010-04-08 18:06:22,FALSE,Around NIH,6.07,764,0:52:50,170,183,NA,NA,NA,8:42,6:18,315,293,0,0,0,0,0,0,0:00,0:00,NA,0:00,No,00:00.00,NA,0
Running,2010-04-06 18:31:48,FALSE,Capital Crescent Trail,6.45,785,0:55:36,173,187,NA,NA,NA,8:37,0:37,237,242,0,0,0,0,0,0,0:00,0:00,NA,0:00,No,00:00.00,NA,0
Trail Running,2010-03-30 9:58:30,FALSE,Raccoon Mountain Trail,6.42,790,1:12:49,167,184,NA,NA,NA,11:20,6:01,"1,287","1,274",0,0,0,0,0,0,0:00,0:00,NA,0:00,No,00:00.00,NA,0
Trail Running,2010-03-27 8:01:41,FALSE,Rock Creek River Gorge Race,6.25,758,1:14:21,168,187,NA,NA,NA,11:54,5:34,"1,755","1,850",0,0,0,0,0,0,0:00,0:00,NA,0:00,No,00:00.00,NA,0
Trail Running,2010-03-23 9:58:22,FALSE,Rock Creek Trail Run,6.09,726,1:14:12,168,181,NA,NA,NA,12:11,6:02,"1,848","1,968",0,0,0,0,0,0,0:00,0:00,NA,0:00,No,00:00.00,NA,0
Street Running,2010-03-20 13:59:46,FALSE,Bethesda to Chinatown,9.81,"1,228",1:26:34,167,176,NA,NA,NA,8:50,4:26,"2,880","3,231",0,0,0,0,0,0,0:00,0:00,NA,0:00,No,00:00.00,NA,0
Street Running,2010-03-18 18:04:56,FALSE,Bethesda to Union Station,10.36,"1,307",1:33:17,167,183,NA,NA,NA,9:00,0:46,"2,184","2,422",0,0,0,0,0,0,0:00,0:00,NA,0:00,No,00:00.00,NA,0
Running,2010-03-16 17:14:28,FALSE,Capital Crescent Trail ,6.41,787,0:52:06,176,189,NA,NA,NA,8:07,0:12,393,662,0,0,0,0,0,0,0:00,0:00,NA,0:00,No,00:00.00,NA,0
Running,2010-03-10 17:21:36,FALSE,Chattanooga Country Club,7.45,946,1:04:27,168,181,NA,NA,NA,8:39,6:25,807,785,0,0,0,0,0,0,0:00,0:00,NA,0:00,No,00:00.00,NA,0
Running,2010-03-08 16:36:05,FALSE,Chattanooga Downtown,3.92,475,0:43:00,152,181,NA,NA,NA,10:58,3:30,642,699,0,0,0,0,0,0,0:00,0:00,NA,0:00,No,00:00.00,NA,0
Running,2010-03-05 17:14:47,FALSE,Downtown Chattanooga Run,5.98,759,0:50:12,169,184,NA,NA,NA,8:24,4:30,754,713,0,0,0,0,0,0,0:00,0:00,NA,0:00,No,00:00.00,NA,0
Running,2010-02-08 15:18:56,FALSE,Downtown Chattanooga Run,3.38,419,0:32:45,156,180,NA,NA,NA,9:41,5:20,158,173,0,0,0,0,0,0,0:00,0:00,NA,0:00,No,00:00.00,NA,0
Trail Running,2010-01-18 13:18:11,FALSE,Capital Crescent Trail,6.2,758,0:51:27,180,189,NA,NA,NA,8:18,6:07,659,699,0,0,0,0,0,0,0:00,0:00,NA,0:00,No,00:00.00,NA,0
Trail Running,2010-01-02 15:20:10,FALSE,Capital Crescent Trail,6.41,785,0:55:28,174,186,NA,NA,NA,8:39,0:18,547,651,0,0,0,0,0,0,0:00,0:00,NA,0:00,No,00:00.00,NA,0
Trail Running,2009-12-17 15:47:06,FALSE,Capital Crescent Trail,6.38,777,0:53:47,164,178,NA,NA,NA,8:26,0:16,"1,640","1,645",0,0,0,0,0,0,0:00,0:00,NA,0:00,No,00:00.00,NA,0
Trail Running,2009-12-16 15:42:21,FALSE,Capital Crescent Trail,6.3,787,0:51:26,170,181,NA,NA,NA,8:10,0:10,"1,350","1,301",0,0,0,0,0,0,0:00,0:00,NA,0:00,No,00:00.00,NA,0
Street Running,2009-11-18 16:35:04,FALSE,NIH 5.6 Mile Loop,5.53,701,0:48:58,168,181,NA,NA,NA,8:52,6:28,443,415,0,0,0,0,0,0,0:00,0:00,NA,0:00,No,00:00.00,NA,0
Street Running,2009-11-17 16:23:11,FALSE,American University Run,7.43,936,1:04:53,173,186,NA,NA,NA,8:44,4:44,"1,303","1,243",0,0,0,0,0,0,0:00,0:00,NA,0:00,No,00:00.00,NA,0
Trail Running,2009-11-16 15:49:40,FALSE,Capital Crescent Run,6.37,785,0:53:35,178,191,NA,NA,NA,8:25,6:33,926,910,0,0,0,0,0,0,0:00,0:00,NA,0:00,No,00:00.00,NA,0
Trail Running,2009-11-03 17:15:33,FALSE,Capital Crescent Trail,4.1,519,0:34:47,172,194,NA,NA,NA,8:29,6:31,254,246,0,0,0,0,0,0,0:00,0:00,NA,0:00,No,00:00.00,NA,0
Street Running,2009-10-13 18:13:24,FALSE,Carrollwood Run,5.68,693,0:51:34,173,190,NA,NA,NA,9:05,6:11,375,437,0,0,0,0,0,0,0:00,0:00,NA,0:00,No,00:00.00,NA,0
Street Running,2009-09-30 18:18:34,FALSE,American University Run,7.64,957,1:07:00,167,178,NA,NA,NA,8:46,4:39,"1,243","1,251",0,0,0,0,0,0,0:00,0:00,NA,0:00,No,00:00.00,NA,0
Trail Running,2009-09-29 17:51:49,FALSE,Capital Crescent Run,6.27,853,0:49:20,175,186,NA,NA,NA,7:52,2:48,844,809,0,0,0,0,0,0,0:00,0:00,NA,0:00,No,00:00.00,NA,0
Trail Running,2009-09-19 17:32:19,FALSE,George Washington Memorial Pkwy Run,5.87,798,0:48:49,NA,NA,NA,NA,NA,8:19,5:47,326,334,0,0,0,0,0,0,0:00,0:00,NA,0:00,No,00:00.00,NA,0
Trail Running,2009-09-09 16:43:32,FALSE,Capital Crescent Run,6.33,851,0:51:46,177,188,NA,NA,NA,8:11,2:22,"1,157","1,134",0,0,0,0,0,0,0:00,0:00,NA,0:00,No,00:00.00,NA,0
Trail Running,2009-09-01 17:56:53,FALSE,Capital Crescent Run,6.41,842,0:52:37,177,187,NA,NA,NA,8:13,0:30,874,855,0,0,0,0,0,0,0:00,0:00,NA,0:00,No,00:00.00,NA,0
Running,2009-08-25 17:12:19,FALSE,Halden Run,3.26,428,0:36:28,156,180,NA,NA,NA,11:12,6:46,522,177,0,0,0,0,0,0,0:00,0:00,NA,0:00,No,00:00.00,NA,0
Running,2009-08-24 17:00:46,FALSE,Halden Run,4.79,637,0:43:40,171,185,NA,NA,NA,9:07,5:57,367,394,0,0,0,0,0,0,0:00,0:00,NA,0:00,No,00:00.00,NA,0
Street Running,2009-07-29 18:57:27,FALSE,NIH 5.6 Mile Loop,5.61,726,0:57:22,154,174,NA,NA,NA,10:14,5:58,"1,485","1,599",0,0,0,0,0,0,0:00,0:00,NA,0:00,No,00:00.00,NA,0
Trail Running,2009-07-28 19:21:53,FALSE,Crescent Benchmark Run,6.3,844,0:54:54,177,190,NA,NA,NA,8:43,0:10,"1,853","1,848",0,0,0,0,0,0,0:00,0:00,NA,0:00,No,00:00.00,NA,0